Workbook

Sheet HR Command Center
A1: HR OPERATIONS COMMAND CENTER | S1: ="REPORTING PERIOD: "&TEXT(TODAY(),"MMM-YYYY") -> REPORTING PERIOD: Aug-2026
S2: ="LAST UPDATED: "&TEXT(TODAY(),"DD-MMM-YYYY") -> LAST UPDATED: 31-Aug-2026
A3: People • Attendance • Payroll • Compliance • Workforce Analytics | S3: ="SYSTEM STATUS: ● LIVE | "&COUNTA('Employee Master'!$A$10:$A$109)&" EMPLOYEES LOADED" -> SYSTEM STATUS: ● LIVE | 36 EMPLOYEES LOADED
A4: HOME | B4: PEOPLE | C4: ATTEND. | D4: LEAVE | E4: PAYROLL | F4: DOCS | G4: COMPLY | H4: ANALYTICS | I4: MGMT
B6: WORKFORCE | I6: ATTENDANCE | P6: PAYROLL & COMPLIANCE
B7: TOTAL EMPLOYEES | E7: ACTIVE EMPLOYEES | I7: NEW JOINERS (30D) | L7: EXITS (90D) | P7: ATTENDANCE % (PERIOD) | T7: LATE INSTANCES
B8: =COUNTA('Employee Master'!$A$10:$A$109) -> 36 | E8: =COUNTIF('Employee Master'!$U$10:$U$109,"Active") -> 33 | I8: =COUNTIFS('Employee Master'!$F$10:$F$109,">="&TODAY()-30) -> 3 | L8: =COUNTIFS('Employee Master'!$V$10:$V$109,">="&TODAY()-90) -> 2 | P8: =IFERROR(COUNTIF(Attendance!$E$10:$E$509,"P")/COUNTIF(Attendance!$E$10:$E$509,"<>"),"") -> 0.86928105 | T8: =COUNTIF(Attendance!$K$10:$K$509,"Late") -> 13
B9: ="in roster" -> in roster | E9: ="currently working" -> currently working | I9: ="onboarded this month" -> onboarded this month | L9: ="resigned / terminated" -> resigned / terminated | P9: ="of all logged days" -> of all logged days | T9: ="in the logged period" -> in the logged period
B11: PRESENT (LATEST DAY) | E11: ABSENT (LATEST DAY) | I11: GROSS PAYROLL (LATEST) | M11: NET PAYROLL (LATEST) | Q11: COMPLIANCE SCORE | T11: CRITICAL ALERTS
B12: =COUNTIFS(Attendance!$A$10:$A$509,MAX(Attendance!$A$10:$A$509),Attendance!$E$10:$E$509,"P") -> 33 | E12: =COUNTIFS(Attendance!$A$10:$A$509,MAX(Attendance!$A$10:$A$509),Attendance!$E$10:$E$509,"A") -> 0 | I12: =SUMIFS(Payroll!$F$10:$F$209,Payroll!$A$10:$A$209,Payroll!$A$10) -> 826700 | M12: =SUMIFS(Payroll!$O$10:$O$209,Payroll!$A$10:$A$209,Payroll!$A$10) -> 765330.72 | Q12: =IFERROR(AVERAGE('Document Tracker'!$I$10:$I$109),0) -> 0.54444444 | T12: =COUNTIF('Expiry Tracker'!$F$10:$F$109,"Expired")+COUNTIF('Expiry Tracker'!$F$10:$F$109,"Due in 7 Days") -> 6
B13: ="on latest logged date" -> on latest logged date | E13: ="on latest logged date" -> on latest logged date | I13: ="for "&Payroll!$A$10 -> for Jul-26 | M13: ="after all deductions" -> after all deductions | Q13: ="avg. document completion" -> avg. document completion | T13: ="expired or due within 7 days" -> expired or due within 7 days
B26: WORKFORCE TREND (LAST 6 MONTHS) | P26: ATTENDANCE MIX (PERIOD)
B44: HR INSIGHTS | P44: COMPLIANCE ALERTS
B45: ="Active headcount is "&COUNTIF('Employee Master'!$U$10:$U$109,"Active")&" employees, with "&COUNTIFS('Employee Master'!$F$10:$F$109,">="&TODAY()-30)&" joining in the last 30 days." -> Active headcount is 33 employees, with 3 joining in the last 30 days. | P45: Expired items | U45: =COUNTIF('Expiry Tracker'!$F$10:$F$109,"Expired") -> 6
B46: ="Attendance stood at "&TEXT(IFERROR(COUNTIF(Attendance!$E$10:$E$509,"P")/COUNTIF(Attendance!$E$10:$E$509,"<>"),0),"0.0%")&" across all logged working days, with "&COUNTIF(Attendance!$K$10:$K$509,"Late")&" late instances." -> Attendance stood at 86.9% across all logged working days, with 13 late instances. | P46: Due within 7 days | U46: =COUNTIF('Expiry Tracker'!$F$10:$F$109,"Due in 7 Days") -> 0
B47: ="Latest payroll run totals Rs. "&TEXT(SUMIFS(Payroll!$F$10:$F$209,Payroll!$A$10:$A$209,Payroll!$A$10)/100000,"0.0")&" L gross, with Rs. "&TEXT(SUMIFS(Payroll!$J$10:$J$209,Payroll!$A$10:$A$209,Payroll!$A$10)/1000,"0.0")&"K in overtime." -> Latest payroll run totals Rs. 8.3 L gross, with Rs. 9.3K in overtime. | P47: Due within 30 days | U47: =COUNTIF('Expiry Tracker'!$F$10:$F$109,"Due in 30 Days") -> 5
B48: =IF(COUNTIF('Expiry Tracker'!$F$10:$F$109,"Expired")+COUNTIF('Expiry Tracker'!$F$10:$F$109,"Due in 7 Days")>0,COUNTIF('Expiry Tracker'!$F$10:$F$109,"Expired")+COUNTIF('Expiry Tracker'!$F$10:$F$109,"Due in 7 Days")&" employees need urgent document or licence renewal - see Expiry Tracker.","No urgent compliance actions right now.") -> 6 employees need urgent document or licence renewal - see Expiry Tracker. | P48: Employees with document gaps | U48: =COUNTIFS('Document Tracker'!$I$10:$I$109,"<1",'Document Tracker'!$A$10:$A$109,"<>") -> 41
P50: See full list → Expiry Tracker
B62: Month | C62: New Joiners | D62: Exits | E62: Total Employees | H62: Code | I62: Count
B63: Mar-26 | C63: =COUNTIFS('Employee Master'!$F$10:$F$109,">="&DATE(2026,3,1),'Employee Master'!$F$10:$F$109,"<="&DATE(2026,3,31)) -> 0 | D63: =COUNTIFS('Employee Master'!$V$10:$V$109,">="&DATE(2026,3,1),'Employee Master'!$V$10:$V$109,"<="&DATE(2026,3,31)) -> 0 | E63: =COUNTIFS('Employee Master'!$F$10:$F$109,"<="&DATE(2026,3,31))-COUNTIFS('Employee Master'!$V$10:$V$109,"<="&DATE(2026,3,31),'Employee Master'!$V$10:$V$109,"<>"&"") -> 30 | H63: P | I63: =COUNTIF(Attendance!$E$10:$E$509,"P") -> 266
B64: Apr-26 | C64: =COUNTIFS('Employee Master'!$F$10:$F$109,">="&DATE(2026,4,1),'Employee Master'!$F$10:$F$109,"<="&DATE(2026,4,30)) -> 0 | D64: =COUNTIFS('Employee Master'!$V$10:$V$109,">="&DATE(2026,4,1),'Employee Master'!$V$10:$V$109,"<="&DATE(2026,4,30)) -> 0 | E64: =COUNTIFS('Employee Master'!$F$10:$F$109,"<="&DATE(2026,4,30))-COUNTIFS('Employee Master'!$V$10:$V$109,"<="&DATE(2026,4,30),'Employee Master'!$V$10:$V$109,"<>"&"") -> 30 | H64: A | I64: =COUNTIF(Attendance!$E$10:$E$509,"A") -> 12
B65: May-26 | C65: =COUNTIFS('Employee Master'!$F$10:$F$109,">="&DATE(2026,5,1),'Employee Master'!$F$10:$F$109,"<="&DATE(2026,5,31)) -> 0 | D65: =COUNTIFS('Employee Master'!$V$10:$V$109,">="&DATE(2026,5,1),'Employee Master'!$V$10:$V$109,"<="&DATE(2026,5,31)) -> 0 | E65: =COUNTIFS('Employee Master'!$F$10:$F$109,"<="&DATE(2026,5,31))-COUNTIFS('Employee Master'!$V$10:$V$109,"<="&DATE(2026,5,31),'Employee Master'!$V$10:$V$109,"<>"&"") -> 30 | H65: WO | I65: =COUNTIF(Attendance!$E$10:$E$509,"WO") -> 17
B66: Jun-26 | C66: =COUNTIFS('Employee Master'!$F$10:$F$109,">="&DATE(2026,6,1),'Employee Master'!$F$10:$F$109,"<="&DATE(2026,6,30)) -> 3 | D66: =COUNTIFS('Employee Master'!$V$10:$V$109,">="&DATE(2026,6,1),'Employee Master'!$V$10:$V$109,"<="&DATE(2026,6,30)) -> 0 | E66: =COUNTIFS('Employee Master'!$F$10:$F$109,"<="&DATE(2026,6,30))-COUNTIFS('Employee Master'!$V$10:$V$109,"<="&DATE(2026,6,30),'Employee Master'!$V$10:$V$109,"<>"&"") -> 33 | H66: HD | I66: =COUNTIF(Attendance!$E$10:$E$509,"HD") -> 11
B67: Jul-26 | C67: =COUNTIFS('Employee Master'!$F$10:$F$109,">="&DATE(2026,7,1),'Employee Master'!$F$10:$F$109,"<="&DATE(2026,7,31)) -> 0 | D67: =COUNTIFS('Employee Master'!$V$10:$V$109,">="&DATE(2026,7,1),'Employee Master'!$V$10:$V$109,"<="&DATE(2026,7,31)) -> 1 | E67: =COUNTIFS('Employee Master'!$F$10:$F$109,"<="&DATE(2026,7,31))-COUNTIFS('Employee Master'!$V$10:$V$109,"<="&DATE(2026,7,31),'Employee Master'!$V$10:$V$109,"<>"&"") -> 32 | H67: AL | I67: =COUNTIF(Attendance!$E$10:$E$509,"AL") -> 0
B68: Aug-26 | C68: =COUNTIFS('Employee Master'!$F$10:$F$109,">="&DATE(2026,8,1),'Employee Master'!$F$10:$F$109,"<="&DATE(2026,8,31)) -> 3 | D68: =COUNTIFS('Employee Master'!$V$10:$V$109,">="&DATE(2026,8,1),'Employee Master'!$V$10:$V$109,"<="&DATE(2026,8,31)) -> 1 | E68: =COUNTIFS('Employee Master'!$F$10:$F$109,"<="&DATE(2026,8,31))-COUNTIFS('Employee Master'!$V$10:$V$109,"<="&DATE(2026,8,31),'Employee Master'!$V$10:$V$109,"<>"&"") -> 34 | H68: ML | I68: =COUNTIF(Attendance!$E$10:$E$509,"ML") -> 0
H69: LOP | I69: =COUNTIF(Attendance!$E$10:$E$509,"LOP") -> 0

Sheet Lists
A1: LISTS & SETTINGS
A2: Dropdown values and configurable assumptions - edit here to update every sheet
A3: HOME | B3: PEOPLE | C3: ATTEND. | D3: LEAVE | E3: PAYROLL | F3: DOCS | G3: COMPLY | H3: ANALYTICS | I3: MGMT
A9: Departments | B9: Designations | C9: Employment Type | D9: Status | E9: Attendance | F9: Leave Type | G9: Document Status | H9: Yes/No | I9: Month | K9: Setting | L9: Value
A10: Zone 1 - Water Ops | B10: Admin Officer | C10: Full-Time | D10: Active | E10: P | F10: CL | G10: Available | H10: Yes | I10: Jan-26 | K10: Standard In Time | L10: 0.39583333
A11: Zone 2 - Water Ops | B11: Billing Clerk | C11: Part-Time | D11: Notice Period | E11: A | F11: SL | G11: Pending | H11: No | I11: Feb-26 | K11: Standard Out Time | L11: 0.75
A12: Zone 3 - Water Ops | B12: Data Entry Operator | C12: Contract | D12: Resigned | E12: AL | F12: EL | G12: Missing | I12: Mar-26 | K12: Standard Working Hours/Day | L12: 8
A13: Zone 4 - Water Ops | B13: Electrician | C13: Daily Wage | D13: Terminated | E13: ML | F13: AL | G13: Expired | I13: Apr-26 | K13: PF Rate (Employer, % of Basic) | L13: 0.12
A14: Billing & Revenue | B14: Field Technician | C14: Trainee | E14: LOP | F14: ML | I14: May-26 | K14: ESI Rate (Employer, % of Gross) | L14: 0.0075
A15: Technical & Maintenance | B15: HR Assistant | E15: WO | F15: LOP | I15: Jun-26 | K15: ESI Wage Ceiling (Gross Rs./month) | L15: 21000
A16: HR & Admin | B16: HR Executive | E16: HD | I16: Jul-26
B17: Junior Engineer | I17: Aug-26
B18: Meter Reader | I18: Sep-26
B19: Office Supervisor | I19: Oct-26
B20: Plumber Technician | I20: Nov-26
B21: Revenue Inspector | I21: Dec-26
B22: Store Keeper
B23: Valve Operator
B24: Zone Supervisor

Sheet Employee Master
A1: EMPLOYEE MASTER
A2: Core HR database - single source of truth for every lookup in this workbook
A3: HOME | B3: PEOPLE | C3: ATTEND. | D3: LEAVE | E3: PAYROLL | F3: DOCS | G3: COMPLY | H3: ANALYTICS | I3: MGMT
B5: ACTIVE EMPLOYEES | F5: NEW JOINERS (30D) | J5: EXITS (LAST 90D) | N5: AVG SERVICE (YRS)
B6: =COUNTIF($U$10:$U$109,"Active") -> 33 | F6: =COUNTIFS($F$10:$F$109,">="&TODAY()-30,$F$10:$F$109,"<="&TODAY()) -> 3 | J6: =COUNTIFS($V$10:$V$109,">="&TODAY()-90,$V$10:$V$109,"<>"&"") -> 2 | N6: =IFERROR(ROUND(AVERAGEIF($U$10:$U$109,"Active",$G$10:$G$109),1),0) -> 3
B7: ="of "&COUNTA($A$10:$A$109)&" in roster" -> of 36 in roster | F7: ="joined in the last 30 days" -> joined in the last 30 days | J7: ="resigned / terminated" -> resigned / terminated | N7: ="across active employees" -> across active employees
A9: Employee ID | B9: Employee Name | C9: Gender | D9: DOB | E9: Age | F9: DOJ | G9: Service (Yrs) | H9: Department | I9: Designation | J9: Employment Type | K9: Phone | L9: Email | M9: PAN | N9: Aadhaar | O9: Bank A/C | P9: IFSC | Q9: Basic Salary | R9: Gross Salary | S9: PF Applicable | T9: ESI Applicable | U9: Status | V9: Exit Date
A10: XXX-01 | B10: Murugesan P | C10: Male | D10: 35846 | E10: =IFERROR(DATEDIF(D10,TODAY(),"Y"),"") -> 28 | F10: 46239 | G10: =IFERROR(ROUND(YEARFRAC(F10,TODAY()),1),"") -> 0.1 | H10: Human Resources | I10: HR Manager | J10: Full-Time | Q10: 15656 | R10: 21150 | S10: Yes | T10: No | U10: Active
A11: XXX-02 | B11: Vijay K | C11: Male | D11: 36116 | E11: =IFERROR(DATEDIF(D11,TODAY(),"Y"),"") -> 27 | F11: 46244 | G11: =IFERROR(ROUND(YEARFRAC(F11,TODAY()),1),"") -> 0.1 | H11: Finance & Accounts | I11: HR Assistant | J11: Full-Time | Q11: 23632 | R11: 31900 | S11: Yes | T11: No | U11: Active
A12: XXX-03 | B12: Murugesan P | C12: Male | D12: 37016 | E12: =IFERROR(DATEDIF(D12,TODAY(),"Y"),"") -> 25 | F12: 46256 | G12: =IFERROR(ROUND(YEARFRAC(F12,TODAY()),1),"") -> 0 | H12: Administration | I12: Payroll Executive | J12: Full-Time | Q12: 12590 | R12: 17000 | S12: Yes | T12: Yes | U12: Active
A13: XXX-04 | B13: Murugesan S | C13: Male | D13: 34155 | E13: =IFERROR(DATEDIF(D13,TODAY(),"Y"),"") -> 33 | F13: 46197 | G13: =IFERROR(ROUND(YEARFRAC(F13,TODAY()),1),"") -> 0.2 | H13: Operations | I13: Admin Executive | J13: Full-Time | Q13: 13039 | R13: 17600 | S13: Yes | T13: Yes | U13: Active
A14: XXX-05 | B14: Murugesan | C14: Male | D14: 33222 | E14: =IFERROR(DATEDIF(D14,TODAY(),"Y"),"") -> 35 | F14: 46191 | G14: =IFERROR(ROUND(YEARFRAC(F14,TODAY()),1),"") -> 0.2 | H14: Sales & Marketing | I14: Operations Manager | J14: Full-Time | Q14: 14073 | R14: 19000 | S14: Yes | T14: Yes | U14: Active
A15: XXX-06 | B15: Elango K | C15: Male | D15: 33850 | E15: =IFERROR(DATEDIF(D15,TODAY(),"Y"),"") -> 33 | F15: 46185 | G15: =IFERROR(ROUND(YEARFRAC(F15,TODAY()),1),"") -> 0.2 | H15: IT & Systems | I15: Operations Executive | J15: Contract | Q15: 26705 | R15: 36050 | S15: Yes | T15: No | U15: Active
A16: XXX-07 | B16: Murugan | C16: Male | D16: 31339 | E16: =IFERROR(DATEDIF(D16,TODAY(),"Y"),"") -> 40 | F16: 45871 | G16: =IFERROR(ROUND(YEARFRAC(F16,TODAY()),1),"") -> 1.1 | H16: Procurement | I16: HR Manager | J16: Full-Time | Q16: 14925 | R16: 20150 | S16: Yes | T16: Yes | U16: Active
A17: XXX-08 | B17: Bala Murugan | C17: Male | D17: 36479 | E17: =IFERROR(DATEDIF(D17,TODAY(),"Y"),"") -> 26 | F17: 43823 | G17: =IFERROR(ROUND(YEARFRAC(F17,TODAY()),1),"") -> 6.7 | H17: Quality Control | I17: HR Assistant | J17: Full-Time | Q17: 21570 | R17: 29100 | S17: Yes | T17: No | U17: Active
A18: XXX-09 | B18: Murugesan V | C18: Male | D18: 36717 | E18: =IFERROR(DATEDIF(D18,TODAY(),"Y"),"") -> 26 | F18: 45065 | G18: =IFERROR(ROUND(YEARFRAC(F18,TODAY()),1),"") -> 3.3 | H18: Maintenance | I18: Payroll Executive | J18: Full-Time | Q18: 19532 | R18: 26350 | S18: Yes | T18: No | U18: Active
A19: XXX-10 | B19: Elango P | C19: Male | D19: 30178 | E19: =IFERROR(DATEDIF(D19,TODAY(),"Y"),"") -> 44 | F19: 44279 | G19: =IFERROR(ROUND(YEARFRAC(F19,TODAY()),1),"") -> 5.4 | H19: Customer Support | I19: Admin Executive | J19: Contract | Q19: 19959 | R19: 26950 | S19: Yes | T19: No | U19: Active
A20: XXX-11 | B20: Senthil Kumar K | C20: Male | D20: 28893 | E20: =IFERROR(DATEDIF(D20,TODAY(),"Y"),"") -> 47 | F20: 44137 | G20: =IFERROR(ROUND(YEARFRAC(F20,TODAY()),1),"") -> 5.8 | H20: Human Resources | I20: Operations Manager | J20: Full-Time | Q20: 15179 | R20: 20500 | S20: Yes | T20: Yes | U20: Active
A21: XXX-12 | B21: Saravanan P | C21: Male | D21: 29840 | E21: =IFERROR(DATEDIF(D21,TODAY(),"Y"),"") -> 44 | F21: 44612 | G21: =IFERROR(ROUND(YEARFRAC(F21,TODAY()),1),"") -> 4.5 | H21: Finance & Accounts | I21: Operations Executive | J21: Daily Wage | Q21: 12736 | R21: 17200 | S21: No | T21: Yes | U21: Active
... A42: XXX-33 | B42: Selvam K | C42: Male | D42: 26039 | E42: =IFERROR(DATEDIF(D42,TODAY(),"Y"),"") -> 55 | F42: 43879 | G42: =IFERROR(ROUND(YEARFRAC(F42,TODAY()),1),"") -> 6.5 | H42: Administration | I42: Payroll Executive | J42: Daily Wage | Q42: 20659 | R42: 27900 | S42: No | T42: No | U42: Active
A43: XXX-34 | B43: Revathi V | C43: Female | D43: 30883 | E43: =IFERROR(DATEDIF(D43,TODAY(),"Y"),"") -> 42 | F43: 43421 | G43: =IFERROR(ROUND(YEARFRAC(F43,TODAY()),1),"") -> 7.8 | H43: Operations | I43: Admin Executive | J43: Contract | Q43: 12099 | R43: 16350 | S43: Yes | T43: Yes | U43: Terminated | V43: 46224
A44: XXX-35 | B44: Naveen M | C44: Male | D44: 34808 | E44: =IFERROR(DATEDIF(D44,TODAY(),"Y"),"") -> 31 | F44: 45608 | G44: =IFERROR(ROUND(YEARFRAC(F44,TODAY()),1),"") -> 1.8 | H44: Sales & Marketing | I44: Operations Manager | J44: Daily Wage | Q44: 13298 | R44: 17950 | S44: No | T44: Yes | U44: Notice Period
A45: XXX-36 | B45: Kavitha K | C45: Female | D45: 34211 | E45: =IFERROR(DATEDIF(D45,TODAY(),"Y"),"") -> 33 | F45: 44403 | G45: =IFERROR(ROUND(YEARFRAC(F45,TODAY()),1),"") -> 5.1 | H45: IT & Systems | I45: HR Manager | J45: Daily Wage | Q45: 22308 | R45: 30100 | S45: No | T45: No | U45: Resigned | V45: 46248
E46: =IFERROR(DATEDIF(D46,TODAY(),"Y"),"") -> 126 | G46: =IFERROR(ROUND(YEARFRAC(F46,TODAY()),1),"") -> 126.7
E47: =IFERROR(DATEDIF(D47,TODAY(),"Y"),"") -> 126 | G47: =IFERROR(ROUND(YEARFRAC(F47,TODAY()),1),"") -> 126.7
E48: =IFERROR(DATEDIF(D48,TODAY(),"Y"),"") -> 126 | G48: =IFERROR(ROUND(YEARFRAC(F48,TODAY()),1),"") -> 126.7
E49: =IFERROR(DATEDIF(D49,TODAY(),"Y"),"") -> 126 | G49: =IFERROR(ROUND(YEARFRAC(F49,TODAY()),1),"") -> 126.7
E50: =IFERROR(DATEDIF(D50,TODAY(),"Y"),"") -> 126 | G50: =IFERROR(ROUND(YEARFRAC(F50,TODAY()),1),"") -> 126.7
E51: =IFERROR(DATEDIF(D51,TODAY(),"Y"),"") -> 126 | G51: =IFERROR(ROUND(YEARFRAC(F51,TODAY()),1),"") -> 126.7
E52: =IFERROR(DATEDIF(D52,TODAY(),"Y"),"") -> 126 | G52: =IFERROR(ROUND(YEARFRAC(F52,TODAY()),1),"") -> 126.7
E53: =IFERROR(DATEDIF(D53,TODAY(),"Y"),"") -> 126 | G53: =IFERROR(ROUND(YEARFRAC(F53,TODAY()),1),"") -> 126.7
E54: =IFERROR(DATEDIF(D54,TODAY(),"Y"),"") -> 126 | G54: =IFERROR(ROUND(YEARFRAC(F54,TODAY()),1),"") -> 126.7
E55: =IFERROR(DATEDIF(D55,TODAY(),"Y"),"") -> 126 | G55: =IFERROR(ROUND(YEARFRAC(F55,TODAY()),1),"") -> 126.7
E56: =IFERROR(DATEDIF(D56,TODAY(),"Y"),"") -> 126 | G56: =IFERROR(ROUND(YEARFRAC(F56,TODAY()),1),"") -> 126.7
E57: =IFERROR(DATEDIF(D57,TODAY(),"Y"),"") -> 126 | G57: =IFERROR(ROUND(YEARFRAC(F57,TODAY()),1),"") -> 126.7
... E109: =IFERROR(DATEDIF(D109,TODAY(),"Y"),"") -> 126 | G109: =IFERROR(ROUND(YEARFRAC(F109,TODAY()),1),"") -> 126.7

Sheet Attendance
A1: ATTENDANCE TRACKER
A2: Daily attendance log with automatic lookups, working hours and lateness flags
A3: HOME | B3: PEOPLE | C3: ATTEND. | D3: LEAVE | E3: PAYROLL | F3: DOCS | G3: COMPLY | H3: ANALYTICS | I3: MGMT
B5: ATTENDANCE % (PERIOD) | E5: PRESENT (LATEST DAY) | I5: ABSENT (LATEST DAY) | L5: LATE (LATEST DAY)
B6: =IFERROR(COUNTIF($E$10:$E$509,"P")/COUNTIFS($E$10:$E$509,"<>"),"") -> 0.86928105 | E6: =COUNTIFS($A$10:$A$509,MAX($A$10:$A$509),$E$10:$E$509,"P") -> 33 | I6: =COUNTIFS($A$10:$A$509,MAX($A$10:$A$509),$E$10:$E$509,"A") -> 0 | L6: =COUNTIFS($A$10:$A$509,MAX($A$10:$A$509),$K$10:$K$509,"Late") -> 0
B7: ="of all logged days" -> of all logged days | E7: ="on "&TEXT(MAX($A$10:$A$509),"dd-mmm") -> on 26-Aug | I7: ="on "&TEXT(MAX($A$10:$A$509),"dd-mmm") -> on 26-Aug | L7: ="in vs. standard shift time" -> in vs. standard shift time
A9: Date | B9: Employee ID | C9: Employee Name | D9: Department | E9: Attendance Code | F9: In Time | G9: Out Time | H9: OT Hours | I9: Remarks | J9: Working Hours | K9: Late | L9: Early Exit | M9: Status
A10: 46251 | B10: XXX-01 | C10: =IFERROR(INDEX('Employee Master'!$B$10:$B$109,MATCH(B10,'Employee Master'!$A$10:$A$109,0)),"") -> Murugesan P | D10: =IFERROR(INDEX('Employee Master'!$H$10:$H$109,MATCH(B10,'Employee Master'!$A$10:$A$109,0)),"") -> Human Resources | E10: P | F10: 0.38541667 | G10: 0.75694444 | H10: 2 | J10: =IF(AND(F10<>"",G10<>""),ROUND((G10-F10)*24,2),"") -> 8.92 | K10: =IF(F10<>"",IF(F10>Lists!$L$10,"Late","On Time"),"") -> On Time | L10: =IF(G10<>"",IF(G10<Lists!$L$11,"Early","On Time"),"") -> On Time | M10: =IF(E10="","",E10&IF(K10="Late"," +Late","")&IF(L10="Early"," +Early Exit","")) -> P
A11: 46251 | B11: XXX-02 | C11: =IFERROR(INDEX('Employee Master'!$B$10:$B$109,MATCH(B11,'Employee Master'!$A$10:$A$109,0)),"") -> Vijay K | D11: =IFERROR(INDEX('Employee Master'!$H$10:$H$109,MATCH(B11,'Employee Master'!$A$10:$A$109,0)),"") -> Finance & Accounts | E11: A | H11: 0 | J11: =IF(AND(F11<>"",G11<>""),ROUND((G11-F11)*24,2),"") | K11: =IF(F11<>"",IF(F11>Lists!$L$10,"Late","On Time"),"") | L11: =IF(G11<>"",IF(G11<Lists!$L$11,"Early","On Time"),"") | M11: =IF(E11="","",E11&IF(K11="Late"," +Late","")&IF(L11="Early"," +Early Exit","")) -> A
A12: 46251 | B12: XXX-03 | C12: =IFERROR(INDEX('Employee Master'!$B$10:$B$109,MATCH(B12,'Employee Master'!$A$10:$A$109,0)),"") -> Murugesan P | D12: =IFERROR(INDEX('Employee Master'!$H$10:$H$109,MATCH(B12,'Employee Master'!$A$10:$A$109,0)),"") -> Administration | E12: P | F12: 0.37847222 | G12: 0.76388889 | H12: 0 | J12: =IF(AND(F12<>"",G12<>""),ROUND((G12-F12)*24,2),"") -> 9.25 | K12: =IF(F12<>"",IF(F12>Lists!$L$10,"Late","On Time"),"") -> On Time | L12: =IF(G12<>"",IF(G12<Lists!$L$11,"Early","On Time"),"") -> On Time | M12: =IF(E12="","",E12&IF(K12="Late"," +Late","")&IF(L12="Early"," +Early Exit","")) -> P
A13: 46251 | B13: XXX-04 | C13: =IFERROR(INDEX('Employee Master'!$B$10:$B$109,MATCH(B13,'Employee Master'!$A$10:$A$109,0)),"") -> Murugesan S | D13: =IFERROR(INDEX('Employee Master'!$H$10:$H$109,MATCH(B13,'Employee Master'!$A$10:$A$109,0)),"") -> Operations | E13: P | F13: 0.39027778 | G13: 0.75 | H13: 1.5 | J13: =IF(AND(F13<>"",G13<>""),ROUND((G13-F13)*24,2),"") -> 8.63 | K13: =IF(F13<>"",IF(F13>Lists!$L$10,"Late","On Time"),"") -> On Time | L13: =IF(G13<>"",IF(G13<Lists!$L$11,"Early","On Time"),"") -> On Time | M13: =IF(E13="","",E13&IF(K13="Late"," +Late","")&IF(L13="Early"," +Early Exit","")) -> P
A14: 46251 | B14: XXX-05 | C14: =IFERROR(INDEX('Employee Master'!$B$10:$B$109,MATCH(B14,'Employee Master'!$A$10:$A$109,0)),"") -> Murugesan | D14: =IFERROR(INDEX('Employee Master'!$H$10:$H$109,MATCH(B14,'Employee Master'!$A$10:$A$109,0)),"") -> Sales & Marketing | E14: P | F14: 0.37847222 | G14: 0.75 | H14: 0 | J14: =IF(AND(F14<>"",G14<>""),ROUND((G14-F14)*24,2),"") -> 8.92 | K14: =IF(F14<>"",IF(F14>Lists!$L$10,"Late","On Time"),"") -> On Time | L14: =IF(G14<>"",IF(G14<Lists!$L$11,"Early","On Time"),"") -> On Time | M14: =IF(E14="","",E14&IF(K14="Late"," +Late","")&IF(L14="Early"," +Early Exit","")) -> P
A15: 46251 | B15: XXX-06 | C15: =IFERROR(INDEX('Employee Master'!$B$10:$B$109,MATCH(B15,'Employee Master'!$A$10:$A$109,0)),"") -> Elango K | D15: =IFERROR(INDEX('Employee Master'!$H$10:$H$109,MATCH(B15,'Employee Master'!$A$10:$A$109,0)),"") -> IT & Systems | E15: A | H15: 0 | J15: =IF(AND(F15<>"",G15<>""),ROUND((G15-F15)*24,2),"") | K15: =IF(F15<>"",IF(F15>Lists!$L$10,"Late","On Time"),"") | L15: =IF(G15<>"",IF(G15<Lists!$L$11,"Early","On Time"),"") | M15: =IF(E15="","",E15&IF(K15="Late"," +Late","")&IF(L15="Early"," +Early Exit","")) -> A
A16: 46251 | B16: XXX-07 | C16: =IFERROR(INDEX('Employee Master'!$B$10:$B$109,MATCH(B16,'Employee Master'!$A$10:$A$109,0)),"") -> Murugan | D16: =IFERROR(INDEX('Employee Master'!$H$10:$H$109,MATCH(B16,'Employee Master'!$A$10:$A$109,0)),"") -> Procurement | E16: P | F16: 0.3875 | G16: 0.75694444 | H16: 0 | J16: =IF(AND(F16<>"",G16<>""),ROUND((G16-F16)*24,2),"") -> 8.87 | K16: =IF(F16<>"",IF(F16>Lists!$L$10,"Late","On Time"),"") -> On Time | L16: =IF(G16<>"",IF(G16<Lists!$L$11,"Early","On Time"),"") -> On Time | M16: =IF(E16="","",E16&IF(K16="Late"," +Late","")&IF(L16="Early"," +Early Exit","")) -> P
A17: 46251 | B17: XXX-08 | C17: =IFERROR(INDEX('Employee Master'!$B$10:$B$109,MATCH(B17,'Employee Master'!$A$10:$A$109,0)),"") -> Bala Murugan | D17: =IFERROR(INDEX('Employee Master'!$H$10:$H$109,MATCH(B17,'Employee Master'!$A$10:$A$109,0)),"") -> Quality Control | E17: P | F17: 0.39027778 | G17: 0.77430556 | H17: 0 | J17: =IF(AND(F17<>"",G17<>""),ROUND((G17-F17)*24,2),"") -> 9.22 | K17: =IF(F17<>"",IF(F17>Lists!$L$10,"Late","On Time"),"") -> On Time | L17: =IF(G17<>"",IF(G17<Lists!$L$11,"Early","On Time"),"") -> On Time | M17: =IF(E17="","",E17&IF(K17="Late"," +Late","")&IF(L17="Early"," +Early Exit","")) -> P
A18: 46251 | B18: XXX-09 | C18: =IFERROR(INDEX('Employee Master'!$B$10:$B$109,MATCH(B18,'Employee Master'!$A$10:$A$109,0)),"") -> Murugesan V | D18: =IFERROR(INDEX('Employee Master'!$H$10:$H$109,MATCH(B18,'Employee Master'!$A$10:$A$109,0)),"") -> Maintenance | E18: P | F18: 0.38541667 | G18: 0.75 | H18: 0 | J18: =IF(AND(F18<>"",G18<>""),ROUND((G18-F18)*24,2),"") -> 8.75 | K18: =IF(F18<>"",IF(F18>Lists!$L$10,"Late","On Time"),"") -> On Time | L18: =IF(G18<>"",IF(G18<Lists!$L$11,"Early","On Time"),"") -> On Time | M18: =IF(E18="","",E18&IF(K18="Late"," +Late","")&IF(L18="Early"," +Early Exit","")) -> P
A19: 46251 | B19: XXX-10 | C19: =IFERROR(INDEX('Employee Master'!$B$10:$B$109,MATCH(B19,'Employee Master'!$A$10:$A$109,0)),"") -> Elango P | D19: =IFERROR(INDEX('Employee Master'!$H$10:$H$109,MATCH(B19,'Employee Master'!$A$10:$A$109,0)),"") -> Customer Support | E19: P | F19: 0.37847222 | G19: 0.75694444 | H19: 0 | J19: =IF(AND(F19<>"",G19<>""),ROUND((G19-F19)*24,2),"") -> 9.08 | K19: =IF(F19<>"",IF(F19>Lists!$L$10,"Late","On Time"),"") -> On Time | L19: =IF(G19<>"",IF(G19<Lists!$L$11,"Early","On Time"),"") -> On Time | M19: =IF(E19="","",E19&IF(K19="Late"," +Late","")&IF(L19="Early"," +Early Exit","")) -> P
A20: 46251 | B20: XXX-11 | C20: =IFERROR(INDEX('Employee Master'!$B$10:$B$109,MATCH(B20,'Employee Master'!$A$10:$A$109,0)),"") -> Senthil Kumar K | D20: =IFERROR(INDEX('Employee Master'!$H$10:$H$109,MATCH(B20,'Employee Master'!$A$10:$A$109,0)),"") -> Human Resources | E20: P | F20: 0.38541667 | G20: 0.75 | H20: 0 | J20: =IF(AND(F20<>"",G20<>""),ROUND((G20-F20)*24,2),"") -> 8.75 | K20: =IF(F20<>"",IF(F20>Lists!$L$10,"Late","On Time"),"") -> On Time | L20: =IF(G20<>"",IF(G20<Lists!$L$11,"Early","On Time"),"") -> On Time | M20: =IF(E20="","",E20&IF(K20="Late"," +Late","")&IF(L20="Early"," +Early Exit","")) -> P
A21: 46251 | B21: XXX-12 | C21: =IFERROR(INDEX('Employee Master'!$B$10:$B$109,MATCH(B21,'Employee Master'!$A$10:$A$109,0)),"") -> Saravanan P | D21: =IFERROR(INDEX('Employee Master'!$H$10:$H$109,MATCH(B21,'Employee Master'!$A$10:$A$109,0)),"") -> Finance & Accounts | E21: P | F21: 0.38541667 | G21: 0.75 | H21: 0 | J21: =IF(AND(F21<>"",G21<>""),ROUND((G21-F21)*24,2),"") -> 8.75 | K21: =IF(F21<>"",IF(F21>Lists!$L$10,"Late","On Time"),"") -> On Time | L21: =IF(G21<>"",IF(G21<Lists!$L$11,"Early","On Time"),"") -> On Time | M21: =IF(E21="","",E21&IF(K21="Late"," +Late","")&IF(L21="Early"," +Early Exit","")) -> P
A22: 46251 | B22: XXX-13 | C22: =IFERROR(INDEX('Employee Master'!$B$10:$B$109,MATCH(B22,'Employee Master'!$A$10:$A$109,0)),"") -> Karthik V | D22: =IFERROR(INDEX('Employee Master'!$H$10:$H$109,MATCH(B22,'Employee Master'!$A$10:$A$109,0)),"") -> Administration | E22: P | F22: 0.39027778 | G22: 0.76388889 | H22: 0 | J22: =IF(AND(F22<>"",G22<>""),ROUND((G22-F22)*24,2),"") -> 8.97 | K22: =IF(F22<>"",IF(F22>Lists!$L$10,"Late","On Time"),"") -> On Time | L22: =IF(G22<>"",IF(G22<Lists!$L$11,"Early","On Time"),"") -> On Time | M22: =IF(E22="","",E22&IF(K22="Late"," +Late","")&IF(L22="Early"," +Early Exit","")) -> P
A23: 46251 | B23: XXX-14 | C23: =IFERROR(INDEX('Employee Master'!$B$10:$B$109,MATCH(B23,'Employee Master'!$A$10:$A$109,0)),"") -> Senthil Kumar | D23: =IFERROR(INDEX('Employee Master'!$H$10:$H$109,MATCH(B23,'Employee Master'!$A$10:$A$109,0)),"") -> Operations | E23: P | F23: 0.38194444 | G23: 0.75 | H23: 0 | J23: =IF(AND(F23<>"",G23<>""),ROUND((G23-F23)*24,2),"") -> 8.83 | K23: =IF(F23<>"",IF(F23>Lists!$L$10,"Late","On Time"),"") -> On Time | L23: =IF(G23<>"",IF(G23<Lists!$L$11,"Early","On Time"),"") -> On Time | M23: =IF(E23="","",E23&IF(K23="Late"," +Late","")&IF(L23="Early"," +Early Exit","")) -> P
A24: 46251 | B24: XXX-15 | C24: =IFERROR(INDEX('Employee Master'!$B$10:$B$109,MATCH(B24,'Employee Master'!$A$10:$A$109,0)),"") -> Gopinath P | D24: =IFERROR(INDEX('Employee Master'!$H$10:$H$109,MATCH(B24,'Employee Master'!$A$10:$A$109,0)),"") -> Sales & Marketing | E24: P | F24: 0.37847222 | G24: 0.75347222 | H24: 0 | J24: =IF(AND(F24<>"",G24<>""),ROUND((G24-F24)*24,2),"") -> 9 | K24: =IF(F24<>"",IF(F24>Lists!$L$10,"Late","On Time"),"") -> On Time | L24: =IF(G24<>"",IF(G24<Lists!$L$11,"Early","On Time"),"") -> On Time | M24: =IF(E24="","",E24&IF(K24="Late"," +Late","")&IF(L24="Early"," +Early Exit","")) -> P
A25: 46251 | B25: XXX-16 | C25: =IFERROR(INDEX('Employee Master'!$B$10:$B$109,MATCH(B25,'Employee Master'!$A$10:$A$109,0)),"") -> Muthu Raj | D25: =IFERROR(INDEX('Employee Master'!$H$10:$H$109,MATCH(B25,'Employee Master'!$A$10:$A$109,0)),"") -> IT & Systems | E25: P | F25: 0.38541667 | G25: 0.75694444 | H25: 0 | J25: =IF(AND(F25<>"",G25<>""),ROUND((G25-F25)*24,2),"") -> 8.92 | K25: =IF(F25<>"",IF(F25>Lists!$L$10,"Late","On Time"),"") -> On Time | L25: =IF(G25<>"",IF(G25<Lists!$L$11,"Early","On Time"),"") -> On Time | M25: =IF(E25="","",E25&IF(K25="Late"," +Late","")&IF(L25="Early"," +Early Exit","")) -> P
A26: 46251 | B26: XXX-17 | C26: =IFERROR(INDEX('Employee Master'!$B$10:$B$109,MATCH(B26,'Employee Master'!$A$10:$A$109,0)),"") -> Senthil Kumar S | D26: =IFERROR(INDEX('Employee Master'!$H$10:$H$109,MATCH(B26,'Employee Master'!$A$10:$A$109,0)),"") -> Procurement | E26: P | F26: 0.3875 | G26: 0.77430556 | H26: 0 | J26: =IF(AND(F26<>"",G26<>""),ROUND((G26-F26)*24,2),"") -> 9.28 | K26: =IF(F26<>"",IF(F26>Lists!$L$10,"Late","On Time"),"") -> On Time | L26: =IF(G26<>"",IF(G26<Lists!$L$11,"Early","On Time"),"") -> On Time | M26: =IF(E26="","",E26&IF(K26="Late"," +Late","")&IF(L26="Early"," +Early Exit","")) -> P
A27: 46251 | B27: XXX-18 | C27: =IFERROR(INDEX('Employee Master'!$B$10:$B$109,MATCH(B27,'Employee Master'!$A$10:$A$109,0)),"") -> Sowmya V | D27: =IFERROR(INDEX('Employee Master'!$H$10:$H$109,MATCH(B27,'Employee Master'!$A$10:$A$109,0)),"") -> Quality Control | E27: P | F27: 0.37847222 | G27: 0.75694444 | H27: 1 | J27: =IF(AND(F27<>"",G27<>""),ROUND((G27-F27)*24,2),"") -> 9.08 | K27: =IF(F27<>"",IF(F27>Lists!$L$10,"Late","On Time"),"") -> On Time | L27: =IF(G27<>"",IF(G27<Lists!$L$11,"Early","On Time"),"") -> On Time | M27: =IF(E27="","",E27&IF(K27="Late"," +Late","")&IF(L27="Early"," +Early Exit","")) -> P
... A40: 46251 | B40: XXX-31 | C40: =IFERROR(INDEX('Employee Master'!$B$10:$B$109,MATCH(B40,'Employee Master'!$A$10:$A$109,0)),"") -> Suresh K | D40: =IFERROR(INDEX('Employee Master'!$H$10:$H$109,MATCH(B40,'Employee Master'!$A$10:$A$109,0)),"") -> Human Resources | E40: P | F40: 0.38541667 | G40: 0.75347222 | H40: 0 | J40: =IF(AND(F40<>"",G40<>""),ROUND((G40-F40)*24,2),"") -> 8.83 | K40: =IF(F40<>"",IF(F40>Lists!$L$10,"Late","On Time"),"") -> On Time | L40: =IF(G40<>"",IF(G40<Lists!$L$11,"Early","On Time"),"") -> On Time | M40: =IF(E40="","",E40&IF(K40="Late"," +Late","")&IF(L40="Early"," +Early Exit","")) -> P
A41: 46251 | B41: XXX-32 | C41: =IFERROR(INDEX('Employee Master'!$B$10:$B$109,MATCH(B41,'Employee Master'!$A$10:$A$109,0)),"") -> Sathish M | D41: =IFERROR(INDEX('Employee Master'!$H$10:$H$109,MATCH(B41,'Employee Master'!$A$10:$A$109,0)),"") -> Finance & Accounts | E41: A | H41: 0 | J41: =IF(AND(F41<>"",G41<>""),ROUND((G41-F41)*24,2),"") | K41: =IF(F41<>"",IF(F41>Lists!$L$10,"Late","On Time"),"") | L41: =IF(G41<>"",IF(G41<Lists!$L$11,"Early","On Time"),"") | M41: =IF(E41="","",E41&IF(K41="Late"," +Late","")&IF(L41="Early"," +Early Exit","")) -> A
A42: 46251 | B42: XXX-33 | C42: =IFERROR(INDEX('Employee Master'!$B$10:$B$109,MATCH(B42,'Employee Master'!$A$10:$A$109,0)),"") -> Selvam K | D42: =IFERROR(INDEX('Employee Master'!$H$10:$H$109,MATCH(B42,'Employee Master'!$A$10:$A$109,0)),"") -> Administration | E42: P | F42: 0.39027778 | G42: 0.75347222 | H42: 0 | J42: =IF(AND(F42<>"",G42<>""),ROUND((G42-F42)*24,2),"") -> 8.72 | K42: =IF(F42<>"",IF(F42>Lists!$L$10,"Late","On Time"),"") -> On Time | L42: =IF(G42<>"",IF(G42<Lists!$L$11,"Early","On Time"),"") -> On Time | M42: =IF(E42="","",E42&IF(K42="Late"," +Late","")&IF(L42="Early"," +Early Exit","")) -> P
A43: 46251 | B43: XXX-34 | C43: =IFERROR(INDEX('Employee Master'!$B$10:$B$109,MATCH(B43,'Employee Master'!$A$10:$A$109,0)),"") -> Revathi V | D43: =IFERROR(INDEX('Employee Master'!$H$10:$H$109,MATCH(B43,'Employee Master'!$A$10:$A$109,0)),"") -> Operations | E43: P | F43: 0.37847222 | G43: 0.75694444 | H43: 0 | J43: =IF(AND(F43<>"",G43<>""),ROUND((G43-F43)*24,2),"") -> 9.08 | K43: =IF(F43<>"",IF(F43>Lists!$L$10,"Late","On Time"),"") -> On Time | L43: =IF(G43<>"",IF(G43<Lists!$L$11,"Early","On Time"),"") -> On Time | M43: =IF(E43="","",E43&IF(K43="Late"," +Late","")&IF(L43="Early"," +Early Exit","")) -> P
A44: 46252 | B44: XXX-35 | C44: =IFERROR(INDEX('Employee Master'!$B$10:$B$109,MATCH(B44,'Employee Master'!$A$10:$A$109,0)),"") -> Naveen M | D44: =IFERROR(INDEX('Employee Master'!$H$10:$H$109,MATCH(B44,'Employee Master'!$A$10:$A$109,0)),"") -> Sales & Marketing | E44: P | F44: 0.42013889 | G44: 0.42013889 | H44: 0 | J44: =IF(AND(F44<>"",G44<>""),ROUND((G44-F44)*24,2),"") -> 0 | K44: =IF(F44<>"",IF(F44>Lists!$L$10,"Late","On Time"),"") -> Late | L44: =IF(G44<>"",IF(G44<Lists!$L$11,"Early","On Time"),"") -> Early | M44: =IF(E44="","",E44&IF(K44="Late"," +Late","")&IF(L44="Early"," +Early Exit","")) -> P +Late +Early Exit
A45: 46252 | B45: XXX-36 | C45: =IFERROR(INDEX('Employee Master'!$B$10:$B$109,MATCH(B45,'Employee Master'!$A$10:$A$109,0)),"") -> Kavitha K | D45: =IFERROR(INDEX('Employee Master'!$H$10:$H$109,MATCH(B45,'Employee Master'!$A$10:$A$109,0)),"") -> IT & Systems | E45: P | F45: 0.37847222 | G45: 0.77430556 | H45: 0 | J45: =IF(AND(F45<>"",G45<>""),ROUND((G45-F45)*24,2),"") -> 9.5 | K45: =IF(F45<>"",IF(F45>Lists!$L$10,"Late","On Time"),"") -> On Time | L45: =IF(G45<>"",IF(G45<Lists!$L$11,"Early","On Time"),"") -> On Time | M45: =IF(E45="","",E45&IF(K45="Late"," +Late","")&IF(L45="Early"," +Early Exit","")) -> P
A46: 46252 | B46: XXX-37 | C46: =IFERROR(INDEX('Employee Master'!$B$10:$B$109,MATCH(B46,'Employee Master'!$A$10:$A$109,0)),"") | D46: =IFERROR(INDEX('Employee Master'!$H$10:$H$109,MATCH(B46,'Employee Master'!$A$10:$A$109,0)),"") | E46: P | F46: 0.38194444 | G46: 0.77430556 | H46: 0 | J46: =IF(AND(F46<>"",G46<>""),ROUND((G46-F46)*24,2),"") -> 9.42 | K46: =IF(F46<>"",IF(F46>Lists!$L$10,"Late","On Time"),"") -> On Time | L46: =IF(G46<>"",IF(G46<Lists!$L$11,"Early","On Time"),"") -> On Time | M46: =IF(E46="","",E46&IF(K46="Late"," +Late","")&IF(L46="Early"," +Early Exit","")) -> P
A47: 46252 | B47: XXX-38 | C47: =IFERROR(INDEX('Employee Master'!$B$10:$B$109,MATCH(B47,'Employee Master'!$A$10:$A$109,0)),"") | D47: =IFERROR(INDEX('Employee Master'!$H$10:$H$109,MATCH(B47,'Employee Master'!$A$10:$A$109,0)),"") | E47: P | F47: 0.3875 | G47: 0.75347222 | H47: 0 | J47: =IF(AND(F47<>"",G47<>""),ROUND((G47-F47)*24,2),"") -> 8.78 | K47: =IF(F47<>"",IF(F47>Lists!$L$10,"Late","On Time"),"") -> On Time | L47: =IF(G47<>"",IF(G47<Lists!$L$11,"Early","On Time"),"") -> On Time | M47: =IF(E47="","",E47&IF(K47="Late"," +Late","")&IF(L47="Early"," +Early Exit","")) -> P
A48: 46252 | B48: XXX-39 | C48: =IFERROR(INDEX('Employee Master'!$B$10:$B$109,MATCH(B48,'Employee Master'!$A$10:$A$109,0)),"") | D48: =IFERROR(INDEX('Employee Master'!$H$10:$H$109,MATCH(B48,'Employee Master'!$A$10:$A$109,0)),"") | E48: P | F48: 0.38194444 | G48: 0.75 | H48: 0 | J48: =IF(AND(F48<>"",G48<>""),ROUND((G48-F48)*24,2),"") -> 8.83 | K48: =IF(F48<>"",IF(F48>Lists!$L$10,"Late","On Time"),"") -> On Time | L48: =IF(G48<>"",IF(G48<Lists!$L$11,"Early","On Time"),"") -> On Time | M48: =IF(E48="","",E48&IF(K48="Late"," +Late","")&IF(L48="Early"," +Early Exit","")) -> P
A49: 46252 | B49: XXX-40 | C49: =IFERROR(INDEX('Employee Master'!$B$10:$B$109,MATCH(B49,'Employee Master'!$A$10:$A$109,0)),"") | D49: =IFERROR(INDEX('Employee Master'!$H$10:$H$109,MATCH(B49,'Employee Master'!$A$10:$A$109,0)),"") | E49: P | F49: 0.39027778 | G49: 0.76388889 | H49: 0 | J49: =IF(AND(F49<>"",G49<>""),ROUND((G49-F49)*24,2),"") -> 8.97 | K49: =IF(F49<>"",IF(F49>Lists!$L$10,"Late","On Time"),"") -> On Time | L49: =IF(G49<>"",IF(G49<Lists!$L$11,"Early","On Time"),"") -> On Time | M49: =IF(E49="","",E49&IF(K49="Late"," +Late","")&IF(L49="Early"," +Early Exit","")) -> P
A50: 46252 | B50: XXX-41 | C50: =IFERROR(INDEX('Employee Master'!$B$10:$B$109,MATCH(B50,'Employee Master'!$A$10:$A$109,0)),"") | D50: =IFERROR(INDEX('Employee Master'!$H$10:$H$109,MATCH(B50,'Employee Master'!$A$10:$A$109,0)),"") | E50: P | F50: 0.38194444 | G50: 0.77430556 | H50: 0 | J50: =IF(AND(F50<>"",G50<>""),ROUND((G50-F50)*24,2),"") -> 9.42 | K50: =IF(F50<>"",IF(F50>Lists!$L$10,"Late","On Time"),"") -> On Time | L50: =IF(G50<>"",IF(G50<Lists!$L$11,"Early","On Time"),"") -> On Time | M50: =IF(E50="","",E50&IF(K50="Late"," +Late","")&IF(L50="Early"," +Early Exit","")) -> P
A51: 46252 | B51: XXX-42 | C51: =IFERROR(INDEX('Employee Master'!$B$10:$B$109,MATCH(B51,'Employee Master'!$A$10:$A$109,0)),"") | D51: =IFERROR(INDEX('Employee Master'!$H$10:$H$109,MATCH(B51,'Employee Master'!$A$10:$A$109,0)),"") | E51: P | F51: 0.37847222 | G51: 0.77430556 | H51: 0 | J51: =IF(AND(F51<>"",G51<>""),ROUND((G51-F51)*24,2),"") -> 9.5 | K51: =IF(F51<>"",IF(F51>Lists!$L$10,"Late","On Time"),"") -> On Time | L51: =IF(G51<>"",IF(G51<Lists!$L$11,"Early","On Time"),"") -> On Time | M51: =IF(E51="","",E51&IF(K51="Late"," +Late","")&IF(L51="Early"," +Early Exit","")) -> P
A52: 46252 | B52: XXX-43 | C52: =IFERROR(INDEX('Employee Master'!$B$10:$B$109,MATCH(B52,'Employee Master'!$A$10:$A$109,0)),"") | D52: =IFERROR(INDEX('Employee Master'!$H$10:$H$109,MATCH(B52,'Employee Master'!$A$10:$A$109,0)),"") | E52: P | F52: 0.39236111 | G52: 0.75347222 | H52: 1 | J52: =IF(AND(F52<>"",G52<>""),ROUND((G52-F52)*24,2),"") -> 8.67 | K52: =IF(F52<>"",IF(F52>Lists!$L$10,"Late","On Time"),"") -> On Time | L52: =IF(G52<>"",IF(G52<Lists!$L$11,"Early","On Time"),"") -> On Time | M52: =IF(E52="","",E52&IF(K52="Late"," +Late","")&IF(L52="Early"," +Early Exit","")) -> P
A53: 46252 | B53: XXX-44 | C53: =IFERROR(INDEX('Employee Master'!$B$10:$B$109,MATCH(B53,'Employee Master'!$A$10:$A$109,0)),"") | D53: =IFERROR(INDEX('Employee Master'!$H$10:$H$109,MATCH(B53,'Employee Master'!$A$10:$A$109,0)),"") | E53: P | F53: 0.42708333 | G53: 0.42013889 | H53: 0 | J53: =IF(AND(F53<>"",G53<>""),ROUND((G53-F53)*24,2),"") -> -0.17 | K53: =IF(F53<>"",IF(F53>Lists!$L$10,"Late","On Time"),"") -> Late | L53: =IF(G53<>"",IF(G53<Lists!$L$11,"Early","On Time"),"") -> Early | M53: =IF(E53="","",E53&IF(K53="Late"," +Late","")&IF(L53="Early"," +Early Exit","")) -> P +Late +Early Exit
... A56: 46252 | B56: XXX-47 | C56: =IFERROR(INDEX('Employee Master'!$B$10:$B$109,MATCH(B56,'Employee Master'!$A$10:$A$109,0)),"") | D56: =IFERROR(INDEX('Employee Master'!$H$10:$H$109,MATCH(B56,'Employee Master'!$A$10:$A$109,0)),"") | E56: P | F56: 0.39027778 | G56: 0.77430556 | H56: 3 | J56: =IF(AND(F56<>"",G56<>""),ROUND((G56-F56)*24,2),"") -> 9.22 | K56: =IF(F56<>"",IF(F56>Lists!$L$10,"Late","On Time"),"") -> On Time | L56: =IF(G56<>"",IF(G56<Lists!$L$11,"Early","On Time"),"") -> On Time | M56: =IF(E56="","",E56&IF(K56="Late"," +Late","")&IF(L56="Early"," +Early Exit","")) -> P
A57: 46252 | B57: XXX-48 | C57: =IFERROR(INDEX('Employee Master'!$B$10:$B$109,MATCH(B57,'Employee Master'!$A$10:$A$109,0)),"") | D57: =IFERROR(INDEX('Employee Master'!$H$10:$H$109,MATCH(B57,'Employee Master'!$A$10:$A$109,0)),"") | E57: WO | H57: 0 | J57: =IF(AND(F57<>"",G57<>""),ROUND((G57-F57)*24,2),"") | K57: =IF(F57<>"",IF(F57>Lists!$L$10,"Late","On Time"),"") | L57: =IF(G57<>"",IF(G57<Lists!$L$11,"Early","On Time"),"") | M57: =IF(E57="","",E57&IF(K57="Late"," +Late","")&IF(L57="Early"," +Early Exit","")) -> WO
A58: 46252 | B58: XXX-49 | C58: =IFERROR(INDEX('Employee Master'!$B$10:$B$109,MATCH(B58,'Employee Master'!$A$10:$A$109,0)),"") | D58: =IFERROR(INDEX('Employee Master'!$H$10:$H$109,MATCH(B58,'Employee Master'!$A$10:$A$109,0)),"") | E58: P | F58: 0.37847222 | G58: 0.75694444 | H58: 0 | J58: =IF(AND(F58<>"",G58<>""),ROUND((G58-F58)*24,2),"") -> 9.08 | K58: =IF(F58<>"",IF(F58>Lists!$L$10,"Late","On Time"),"") -> On Time | L58: =IF(G58<>"",IF(G58<Lists!$L$11,"Early","On Time"),"") -> On Time | M58: =IF(E58="","",E58&IF(K58="Late"," +Late","")&IF(L58="Early"," +Early Exit","")) -> P
A59: 46252 | B59: XXX-50 | C59: =IFERROR(INDEX('Employee Master'!$B$10:$B$109,MATCH(B59,'Employee Master'!$A$10:$A$109,0)),"") | D59: =IFERROR(INDEX('Employee Master'!$H$10:$H$109,MATCH(B59,'Employee Master'!$A$10:$A$109,0)),"") | E59: P | F59: 0.38194444 | G59: 0.76388889 | H59: 0 | J59: =IF(AND(F59<>"",G59<>""),ROUND((G59-F59)*24,2),"") -> 9.17 | K59: =IF(F59<>"",IF(F59>Lists!$L$10,"Late","On Time"),"") -> On Time | L59: =IF(G59<>"",IF(G59<Lists!$L$11,"Early","On Time"),"") -> On Time | M59: =IF(E59="","",E59&IF(K59="Late"," +Late","")&IF(L59="Early"," +Early Exit","")) -> P
A60: 46252 | B60: XXX-51 | C60: =IFERROR(INDEX('Employee Master'!$B$10:$B$109,MATCH(B60,'Employee Master'!$A$10:$A$109,0)),"") | D60: =IFERROR(INDEX('Employee Master'!$H$10:$H$109,MATCH(B60,'Employee Master'!$A$10:$A$109,0)),"") | E60: P | F60: 0.3875 | G60: 0.75694444 | H60: 0 | J60: =IF(AND(F60<>"",G60<>""),ROUND((G60-F60)*24,2),"") -> 8.87 | K60: =IF(F60<>"",IF(F60>Lists!$L$10,"Late","On Time"),"") -> On Time | L60: =IF(G60<>"",IF(G60<Lists!$L$11,"Early","On Time"),"") -> On Time | M60: =IF(E60="","",E60&IF(K60="Late"," +Late","")&IF(L60="Early"," +Early Exit","")) -> P
A61: 46252 | B61: XXX-52 | C61: =IFERROR(INDEX('Employee Master'!$B$10:$B$109,MATCH(B61,'Employee Master'!$A$10:$A$109,0)),"") | D61: =IFERROR(INDEX('Employee Master'!$H$10:$H$109,MATCH(B61,'Employee Master'!$A$10:$A$109,0)),"") | E61: P | F61: 0.39236111 | G61: 0.75347222 | H61: 1.5 | J61: =IF(AND(F61<>"",G61<>""),ROUND((G61-F61)*24,2),"") -> 8.67 | K61: =IF(F61<>"",IF(F61>Lists!$L$10,"Late","On Time"),"") -> On Time | L61: =IF(G61<>"",IF(G61<Lists!$L$11,"Early","On Time"),"") -> On Time | M61: =IF(E61="","",E61&IF(K61="Late"," +Late","")&IF(L61="Early"," +Early Exit","")) -> P
A62: 46252 | B62: XXX-53 | C62: =IFERROR(INDEX('Employee Master'!$B$10:$B$109,MATCH(B62,'Employee Master'!$A$10:$A$109,0)),"") | D62: =IFERROR(INDEX('Employee Master'!$H$10:$H$109,MATCH(B62,'Employee Master'!$A$10:$A$109,0)),"") | E62: P | F62: 0.39236111 | G62: 0.75694444 | H62: 0 | J62: =IF(AND(F62<>"",G62<>""),ROUND((G62-F62)*24,2),"") -> 8.75 | K62: =IF(F62<>"",IF(F62>Lists!$L$10,"Late","On Time"),"") -> On Time | L62: =IF(G62<>"",IF(G62<Lists!$L$11,"Early","On Time"),"") -> On Time | M62: =IF(E62="","",E62&IF(K62="Late"," +Late","")&IF(L62="Early"," +Early Exit","")) -> P
A63: 46252 | B63: XXX-54 | C63: =IFERROR(INDEX('Employee Master'!$B$10:$B$109,MATCH(B63,'Employee Master'!$A$10:$A$109,0)),"") | D63: =IFERROR(INDEX('Employee Master'!$H$10:$H$109,MATCH(B63,'Employee Master'!$A$10:$A$109,0)),"") | E63: P | F63: 0.42708333 | G63: 0.42013889 | H63: 0 | J63: =IF(AND(F63<>"",G63<>""),ROUND((G63-F63)*24,2),"") -> -0.17 | K63: =IF(F63<>"",IF(F63>Lists!$L$10,"Late","On Time"),"") -> Late | L63: =IF(G63<>"",IF(G63<Lists!$L$11,"Early","On Time"),"") -> Early | M63: =IF(E63="","",E63&IF(K63="Late"," +Late","")&IF(L63="Early"," +Early Exit","")) -> P +Late +Early Exit
A64: 46252 | B64: XXX-55 | C64: =IFERROR(INDEX('Employee Master'!$B$10:$B$109,MATCH(B64,'Employee Master'!$A$10:$A$109,0)),"") | D64: =IFERROR(INDEX('Employee Master'!$H$10:$H$109,MATCH(B64,'Employee Master'!$A$10:$A$109,0)),"") | E64: HD | F64: 0.38194444 | G64: 0.5625 | H64: 0 | J64: =IF(AND(F64<>"",G64<>""),ROUND((G64-F64)*24,2),"") -> 4.33 | K64: =IF(F64<>"",IF(F64>Lists!$L$10,"Late","On Time"),"") -> On Time | L64: =IF(G64<>"",IF(G64<Lists!$L$11,"Early","On Time"),"") -> Early | M64: =IF(E64="","",E64&IF(K64="Late"," +Late","")&IF(L64="Early"," +Early Exit","")) -> HD +Early Exit
A65: 46252 | B65: XXX-56 | C65: =IFERROR(INDEX('Employee Master'!$B$10:$B$109,MATCH(B65,'Employee Master'!$A$10:$A$109,0)),"") | D65: =IFERROR(INDEX('Employee Master'!$H$10:$H$109,MATCH(B65,'Employee Master'!$A$10:$A$109,0)),"") | E65: P | F65: 0.39027778 | G65: 0.75694444 | H65: 0 | J65: =IF(AND(F65<>"",G65<>""),ROUND((G65-F65)*24,2),"") -> 8.8 | K65: =IF(F65<>"",IF(F65>Lists!$L$10,"Late","On Time"),"") -> On Time | L65: =IF(G65<>"",IF(G65<Lists!$L$11,"Early","On Time"),"") -> On Time | M65: =IF(E65="","",E65&IF(K65="Late"," +Late","")&IF(L65="Early"," +Early Exit","")) -> P
A66: 46252 | B66: XXX-57 | C66: =IFERROR(INDEX('Employee Master'!$B$10:$B$109,MATCH(B66,'Employee Master'!$A$10:$A$109,0)),"") | D66: =IFERROR(INDEX('Employee Master'!$H$10:$H$109,MATCH(B66,'Employee Master'!$A$10:$A$109,0)),"") | E66: P | F66: 0.37847222 | G66: 0.77430556 | H66: 0 | J66: =IF(AND(F66<>"",G66<>""),ROUND((G66-F66)*24,2),"") -> 9.5 | K66: =IF(F66<>"",IF(F66>Lists!$L$10,"Late","On Time"),"") -> On Time | L66: =IF(G66<>"",IF(G66<Lists!$L$11,"Early","On Time"),"") -> On Time | M66: =IF(E66="","",E66&IF(K66="Late"," +Late","")&IF(L66="Early"," +Early Exit","")) -> P
A67: 46252 | B67: XXX-58 | C67: =IFERROR(INDEX('Employee Master'!$B$10:$B$109,MATCH(B67,'Employee Master'!$A$10:$A$109,0)),"") | D67: =IFERROR(INDEX('Employee Master'!$H$10:$H$109,MATCH(B67,'Employee Master'!$A$10:$A$109,0)),"") | E67: P | F67: 0.3875 | G67: 0.75 | H67: 0 | J67: =IF(AND(F67<>"",G67<>""),ROUND((G67-F67)*24,2),"") -> 8.7 | K67: =IF(F67<>"",IF(F67>Lists!$L$10,"Late","On Time"),"") -> On Time | L67: =IF(G67<>"",IF(G67<Lists!$L$11,"Early","On Time"),"") -> On Time | M67: =IF(E67="","",E67&IF(K67="Late"," +Late","")&IF(L67="Early"," +Early Exit","")) -> P
A68: 46252 | B68: XXX-59 | C68: =IFERROR(INDEX('Employee Master'!$B$10:$B$109,MATCH(B68,'Employee Master'!$A$10:$A$109,0)),"") | D68: =IFERROR(INDEX('Employee Master'!$H$10:$H$109,MATCH(B68,'Employee Master'!$A$10:$A$109,0)),"") | E68: WO | H68: 0 | J68: =IF(AND(F68<>"",G68<>""),ROUND((G68-F68)*24,2),"") | K68: =IF(F68<>"",IF(F68>Lists!$L$10,"Late","On Time"),"") | L68: =IF(G68<>"",IF(G68<Lists!$L$11,"Early","On Time"),"") | M68: =IF(E68="","",E68&IF(K68="Late"," +Late","")&IF(L68="Early"," +Early Exit","")) -> WO
A69: 46252 | B69: XXX-60 | C69: =IFERROR(INDEX('Employee Master'!$B$10:$B$109,MATCH(B69,'Employee Master'!$A$10:$A$109,0)),"") | D69: =IFERROR(INDEX('Employee Master'!$H$10:$H$109,MATCH(B69,'Employee Master'!$A$10:$A$109,0)),"") | E69: P | F69: 0.3875 | G69: 0.75347222 | H69: 0 | J69: =IF(AND(F69<>"",G69<>""),ROUND((G69-F69)*24,2),"") -> 8.78 | K69: =IF(F69<>"",IF(F69>Lists!$L$10,"Late","On Time"),"") -> On Time | L69: =IF(G69<>"",IF(G69<Lists!$L$11,"Early","On Time"),"") -> On Time | M69: =IF(E69="","",E69&IF(K69="Late"," +Late","")&IF(L69="Early"," +Early Exit","")) -> P
A70: 46252 | B70: XXX-61 | C70: =IFERROR(INDEX('Employee Master'!$B$10:$B$109,MATCH(B70,'Employee Master'!$A$10:$A$109,0)),"") | D70: =IFERROR(INDEX('Employee Master'!$H$10:$H$109,MATCH(B70,'Employee Master'!$A$10:$A$109,0)),"") | E70: P | F70: 0.37847222 | G70: 0.77430556 | H70: 3 | J70: =IF(AND(F70<>"",G70<>""),ROUND((G70-F70)*24,2),"") -> 9.5 | K70: =IF(F70<>"",IF(F70>Lists!$L$10,"Late","On Time"),"") -> On Time | L70: =IF(G70<>"",IF(G70<Lists!$L$11,"Early","On Time"),"") -> On Time | M70: =IF(E70="","",E70&IF(K70="Late"," +Late","")&IF(L70="Early"," +Early Exit","")) -> P
A71: 46252 | B71: XXX-62 | C71: =IFERROR(INDEX('Employee Master'!$B$10:$B$109,MATCH(B71,'Employee Master'!$A$10:$A$109,0)),"") | D71: =IFERROR(INDEX('Employee Master'!$H$10:$H$109,MATCH(B71,'Employee Master'!$A$10:$A$109,0)),"") | E71: P | F71: 0.38541667 | G71: 0.75347222 | H71: 0 | J71: =IF(AND(F71<>"",G71<>""),ROUND((G71-F71)*24,2),"") -> 8.83 | K71: =IF(F71<>"",IF(F71>Lists!$L$10,"Late","On Time"),"") -> On Time | L71: =IF(G71<>"",IF(G71<Lists!$L$11,"Early","On Time"),"") -> On Time | M71: =IF(E71="","",E71&IF(K71="Late"," +Late","")&IF(L71="Early"," +Early Exit","")) -> P
A72: 46252 | B72: XXX-63 | C72: =IFERROR(INDEX('Employee Master'!$B$10:$B$109,MATCH(B72,'Employee Master'!$A$10:$A$109,0)),"") | D72: =IFERROR(INDEX('Employee Master'!$H$10:$H$109,MATCH(B72,'Employee Master'!$A$10:$A$109,0)),"") | E72: P | F72: 0.38541667 | G72: 0.75 | H72: 0 | J72: =IF(AND(F72<>"",G72<>""),ROUND((G72-F72)*24,2),"") -> 8.75 | K72: =IF(F72<>"",IF(F72>Lists!$L$10,"Late","On Time"),"") -> On Time | L72: =IF(G72<>"",IF(G72<Lists!$L$11,"Early","On Time"),"") -> On Time | M72: =IF(E72="","",E72&IF(K72="Late"," +Late","")&IF(L72="Early"," +Early Exit","")) -> P
A73: 46252 | B73: XXX-64 | C73: =IFERROR(INDEX('Employee Master'!$B$10:$B$109,MATCH(B73,'Employee Master'!$A$10:$A$109,0)),"") | D73: =IFERROR(INDEX('Employee Master'!$H$10:$H$109,MATCH(B73,'Employee Master'!$A$10:$A$109,0)),"") | E73: P | F73: 0.3875 | G73: 0.76388889 | H73: 1 | J73: =IF(AND(F73<>"",G73<>""),ROUND((G73-F73)*24,2),"") -> 9.03 | K73: =IF(F73<>"",IF(F73>Lists!$L$10,"Late","On Time"),"") -> On Time | L73: =IF(G73<>"",IF(G73<Lists!$L$11,"Early","On Time"),"") -> On Time | M73: =IF(E73="","",E73&IF(K73="Late"," +Late","")&IF(L73="Early"," +Early Exit","")) -> P
A74: 46252 | B74: XXX-65 | C74: =IFERROR(INDEX('Employee Master'!$B$10:$B$109,MATCH(B74,'Employee Master'!$A$10:$A$109,0)),"") | D74: =IFERROR(INDEX('Employee Master'!$H$10:$H$109,MATCH(B74,'Employee Master'!$A$10:$A$109,0)),"") | E74: P | F74: 0.39236111 | G74: 0.76388889 | H74: 0 | J74: =IF(AND(F74<>"",G74<>""),ROUND((G74-F74)*24,2),"") -> 8.92 | K74: =IF(F74<>"",IF(F74>Lists!$L$10,"Late","On Time"),"") -> On Time | L74: =IF(G74<>"",IF(G74<Lists!$L$11,"Early","On Time"),"") -> On Time | M74: =IF(E74="","",E74&IF(K74="Late"," +Late","")&IF(L74="Early"," +Early Exit","")) -> P
A75: 46252 | B75: XXX-66 | C75: =IFERROR(INDEX('Employee Master'!$B$10:$B$109,MATCH(B75,'Employee Master'!$A$10:$A$109,0)),"") | D75: =IFERROR(INDEX('Employee Master'!$H$10:$H$109,MATCH(B75,'Employee Master'!$A$10:$A$109,0)),"") | E75: P | F75: 0.3875 | G75: 0.75694444 | H75: 0 | J75: =IF(AND(F75<>"",G75<>""),ROUND((G75-F75)*24,2),"") -> 8.87 | K75: =IF(F75<>"",IF(F75>Lists!$L$10,"Late","On Time"),"") -> On Time | L75: =IF(G75<>"",IF(G75<Lists!$L$11,"Early","On Time"),"") -> On Time | M75: =IF(E75="","",E75&IF(K75="Late"," +Late","")&IF(L75="Early"," +Early Exit","")) -> P
A76: 46252 | B76: XXX-67 | C76: =IFERROR(INDEX('Employee Master'!$B$10:$B$109,MATCH(B76,'Employee Master'!$A$10:$A$109,0)),"") | D76: =IFERROR(INDEX('Employee Master'!$H$10:$H$109,MATCH(B76,'Employee Master'!$A$10:$A$109,0)),"") | E76: P | F76: 0.42708333 | G76: 0.42013889 | H76: 0 | J76: =IF(AND(F76<>"",G76<>""),ROUND((G76-F76)*24,2),"") -> -0.17 | K76: =IF(F76<>"",IF(F76>Lists!$L$10,"Late","On Time"),"") -> Late | L76: =IF(G76<>"",IF(G76<Lists!$L$11,"Early","On Time"),"") -> Early | M76: =IF(E76="","",E76&IF(K76="Late"," +Late","")&IF(L76="Early"," +Early Exit","")) -> P +Late +Early Exit
A77: 46252 | B77: XXX-68 | C77: =IFERROR(INDEX('Employee Master'!$B$10:$B$109,MATCH(B77,'Employee Master'!$A$10:$A$109,0)),"") | D77: =IFERROR(INDEX('Employee Master'!$H$10:$H$109,MATCH(B77,'Employee Master'!$A$10:$A$109,0)),"") | E77: P | F77: 0.42708333 | G77: 0.42013889 | H77: 0 | J77: =IF(AND(F77<>"",G77<>""),ROUND((G77-F77)*24,2),"") -> -0.17 | K77: =IF(F77<>"",IF(F77>Lists!$L$10,"Late","On Time"),"") -> Late | L77: =IF(G77<>"",IF(G77<Lists!$L$11,"Early","On Time"),"") -> Early | M77: =IF(E77="","",E77&IF(K77="Late"," +Late","")&IF(L77="Early"," +Early Exit","")) -> P +Late +Early Exit
A78: 46253 | B78: XXX-69 | C78: =IFERROR(INDEX('Employee Master'!$B$10:$B$109,MATCH(B78,'Employee Master'!$A$10:$A$109,0)),"") | D78: =IFERROR(INDEX('Employee Master'!$H$10:$H$109,MATCH(B78,'Employee Master'!$A$10:$A$109,0)),"") | E78: P | F78: 0.39027778 | G78: 0.75 | H78: 0 | J78: =IF(AND(F78<>"",G78<>""),ROUND((G78-F78)*24,2),"") -> 8.63 | K78: =IF(F78<>"",IF(F78>Lists!$L$10,"Late","On Time"),"") -> On Time | L78: =IF(G78<>"",IF(G78<Lists!$L$11,"Early","On Time"),"") -> On Time | M78: =IF(E78="","",E78&IF(K78="Late"," +Late","")&IF(L78="Early"," +Early Exit","")) -> P
A79: 46253 | B79: XXX-70 | C79: =IFERROR(INDEX('Employee Master'!$B$10:$B$109,MATCH(B79,'Employee Master'!$A$10:$A$109,0)),"") | D79: =IFERROR(INDEX('Employee Master'!$H$10:$H$109,MATCH(B79,'Employee Master'!$A$10:$A$109,0)),"") | E79: P | F79: 0.38541667 | G79: 0.75 | H79: 0 | J79: =IF(AND(F79<>"",G79<>""),ROUND((G79-F79)*24,2),"") -> 8.75 | K79: =IF(F79<>"",IF(F79>Lists!$L$10,"Late","On Time"),"") -> On Time | L79: =IF(G79<>"",IF(G79<Lists!$L$11,"Early","On Time"),"") -> On Time | M79: =IF(E79="","",E79&IF(K79="Late"," +Late","")&IF(L79="Early"," +Early Exit","")) -> P
A80: 46253 | B80: XXX-71 | C80: =IFERROR(INDEX('Employee Master'!$B$10:$B$109,MATCH(B80,'Employee Master'!$A$10:$A$109,0)),"") | D80: =IFERROR(INDEX('Employee Master'!$H$10:$H$109,MATCH(B80,'Employee Master'!$A$10:$A$109,0)),"") | E80: WO | H80: 0 | J80: =IF(AND(F80<>"",G80<>""),ROUND((G80-F80)*24,2),"") | K80: =IF(F80<>"",IF(F80>Lists!$L$10,"Late","On Time"),"") | L80: =IF(G80<>"",IF(G80<Lists!$L$11,"Early","On Time"),"") | M80: =IF(E80="","",E80&IF(K80="Late"," +Late","")&IF(L80="Early"," +Early Exit","")) -> WO
A81: 46253 | B81: XXX-72 | C81: =IFERROR(INDEX('Employee Master'!$B$10:$B$109,MATCH(B81,'Employee Master'!$A$10:$A$109,0)),"") | D81: =IFERROR(INDEX('Employee Master'!$H$10:$H$109,MATCH(B81,'Employee Master'!$A$10:$A$109,0)),"") | E81: P | F81: 0.38194444 | G81: 0.75347222 | H81: 0 | J81: =IF(AND(F81<>"",G81<>""),ROUND((G81-F81)*24,2),"") -> 8.92 | K81: =IF(F81<>"",IF(F81>Lists!$L$10,"Late","On Time"),"") -> On Time | L81: =IF(G81<>"",IF(G81<Lists!$L$11,"Early","On Time"),"") -> On Time | M81: =IF(E81="","",E81&IF(K81="Late"," +Late","")&IF(L81="Early"," +Early Exit","")) -> P
A82: 46253 | B82: XXX-73 | C82: =IFERROR(INDEX('Employee Master'!$B$10:$B$109,MATCH(B82,'Employee Master'!$A$10:$A$109,0)),"") | D82: =IFERROR(INDEX('Employee Master'!$H$10:$H$109,MATCH(B82,'Employee Master'!$A$10:$A$109,0)),"") | E82: P | F82: 0.38541667 | G82: 0.75347222 | H82: 0 | J82: =IF(AND(F82<>"",G82<>""),ROUND((G82-F82)*24,2),"") -> 8.83 | K82: =IF(F82<>"",IF(F82>Lists!$L$10,"Late","On Time"),"") -> On Time | L82: =IF(G82<>"",IF(G82<Lists!$L$11,"Early","On Time"),"") -> On Time | M82: =IF(E82="","",E82&IF(K82="Late"," +Late","")&IF(L82="Early"," +Early Exit","")) -> P
A83: 46253 | B83: XXX-74 | C83: =IFERROR(INDEX('Employee Master'!$B$10:$B$109,MATCH(B83,'Employee Master'!$A$10:$A$109,0)),"") | D83: =IFERROR(INDEX('Employee Master'!$H$10:$H$109,MATCH(B83,'Employee Master'!$A$10:$A$109,0)),"") | E83: P | F83: 0.3875 | G83: 0.75 | H83: 0 | J83: =IF(AND(F83<>"",G83<>""),ROUND((G83-F83)*24,2),"") -> 8.7 | K83: =IF(F83<>"",IF(F83>Lists!$L$10,"Late","On Time"),"") -> On Time | L83: =IF(G83<>"",IF(G83<Lists!$L$11,"Early","On Time"),"") -> On Time | M83: =IF(E83="","",E83&IF(K83="Late"," +Late","")&IF(L83="Early"," +Early Exit","")) -> P
A84: 46253 | B84: XXX-75 | C84: =IFERROR(INDEX('Employee Master'!$B$10:$B$109,MATCH(B84,'Employee Master'!$A$10:$A$109,0)),"") | D84: =IFERROR(INDEX('Employee Master'!$H$10:$H$109,MATCH(B84,'Employee Master'!$A$10:$A$109,0)),"") | E84: P | F84: 0.39027778 | G84: 0.77430556 | H84: 0 | J84: =IF(AND(F84<>"",G84<>""),ROUND((G84-F84)*24,2),"") -> 9.22 | K84: =IF(F84<>"",IF(F84>Lists!$L$10,"Late","On Time"),"") -> On Time | L84: =IF(G84<>"",IF(G84<Lists!$L$11,"Early","On Time"),"") -> On Time | M84: =IF(E84="","",E84&IF(K84="Late"," +Late","")&IF(L84="Early"," +Early Exit","")) -> P
A85: 46253 | B85: XXX-76 | C85: =IFERROR(INDEX('Employee Master'!$B$10:$B$109,MATCH(B85,'Employee Master'!$A$10:$A$109,0)),"") | D85: =IFERROR(INDEX('Employee Master'!$H$10:$H$109,MATCH(B85,'Employee Master'!$A$10:$A$109,0)),"") | E85: WO | H85: 0 | J85: =IF(AND(F85<>"",G85<>""),ROUND((G85-F85)*24,2),"") | K85: =IF(F85<>"",IF(F85>Lists!$L$10,"Late","On Time"),"") | L85: =IF(G85<>"",IF(G85<Lists!$L$11,"Early","On Time"),"") | M85: =IF(E85="","",E85&IF(K85="Late"," +Late","")&IF(L85="Early"," +Early Exit","")) -> WO
A86: 46253 | B86: XXX-77 | C86: =IFERROR(INDEX('Employee Master'!$B$10:$B$109,MATCH(B86,'Employee Master'!$A$10:$A$109,0)),"") | D86: =IFERROR(INDEX('Employee Master'!$H$10:$H$109,MATCH(B86,'Employee Master'!$A$10:$A$109,0)),"") | E86: P | F86: 0.38194444 | G86: 0.75694444 | H86: 0 | J86: =IF(AND(F86<>"",G86<>""),ROUND((G86-F86)*24,2),"") -> 9 | K86: =IF(F86<>"",IF(F86>Lists!$L$10,"Late","On Time"),"") -> On Time | L86: =IF(G86<>"",IF(G86<Lists!$L$11,"Early","On Time"),"") -> On Time | M86: =IF(E86="","",E86&IF(K86="Late"," +Late","")&IF(L86="Early"," +Early Exit","")) -> P
A87: 46253 | B87: XXX-78 | C87: =IFERROR(INDEX('Employee Master'!$B$10:$B$109,MATCH(B87,'Employee Master'!$A$10:$A$109,0)),"") | D87: =IFERROR(INDEX('Employee Master'!$H$10:$H$109,MATCH(B87,'Employee Master'!$A$10:$A$109,0)),"") | E87: P | F87: 0.39027778 | G87: 0.75347222 | H87: 2.5 | J87: =IF(AND(F87<>"",G87<>""),ROUND((G87-F87)*24,2),"") -> 8.72 | K87: =IF(F87<>"",IF(F87>Lists!$L$10,"Late","On Time"),"") -> On Time | L87: =IF(G87<>"",IF(G87<Lists!$L$11,"Early","On Time"),"") -> On Time | M87: =IF(E87="","",E87&IF(K87="Late"," +Late","")&IF(L87="Early"," +Early Exit","")) -> P
A88: 46253 | B88: XXX-79 | C88: =IFERROR(INDEX('Employee Master'!$B$10:$B$109,MATCH(B88,'Employee Master'!$A$10:$A$109,0)),"") | D88: =IFERROR(INDEX('Employee Master'!$H$10:$H$109,MATCH(B88,'Employee Master'!$A$10:$A$109,0)),"") | E88: P | F88: 0.38541667 | G88: 0.75694444 | H88: 0 | J88: =IF(AND(F88<>"",G88<>""),ROUND((G88-F88)*24,2),"") -> 8.92 | K88: =IF(F88<>"",IF(F88>Lists!$L$10,"Late","On Time"),"") -> On Time | L88: =IF(G88<>"",IF(G88<Lists!$L$11,"Early","On Time"),"") -> On Time | M88: =IF(E88="","",E88&IF(K88="Late"," +Late","")&IF(L88="Early"," +Early Exit","")) -> P
A89: 46253 | B89: XXX-80 | C89: =IFERROR(INDEX('Employee Master'!$B$10:$B$109,MATCH(B89,'Employee Master'!$A$10:$A$109,0)),"") | D89: =IFERROR(INDEX('Employee Master'!$H$10:$H$109,MATCH(B89,'Employee Master'!$A$10:$A$109,0)),"") | E89: P | F89: 0.38541667 | G89: 0.76388889 | H89: 0 | J89: =IF(AND(F89<>"",G89<>""),ROUND((G89-F89)*24,2),"") -> 9.08 | K89: =IF(F89<>"",IF(F89>Lists!$L$10,"Late","On Time"),"") -> On Time | L89: =IF(G89<>"",IF(G89<Lists!$L$11,"Early","On Time"),"") -> On Time | M89: =IF(E89="","",E89&IF(K89="Late"," +Late","")&IF(L89="Early"," +Early Exit","")) -> P
A90: 46253 | B90: XXX-81 | C90: =IFERROR(INDEX('Employee Master'!$B$10:$B$109,MATCH(B90,'Employee Master'!$A$10:$A$109,0)),"") | D90: =IFERROR(INDEX('Employee Master'!$H$10:$H$109,MATCH(B90,'Employee Master'!$A$10:$A$109,0)),"") | E90: P | F90: 0.39027778 | G90: 0.76388889 | H90: 1.5 | J90: =IF(AND(F90<>"",G90<>""),ROUND((G90-F90)*24,2),"") -> 8.97 | K90: =IF(F90<>"",IF(F90>Lists!$L$10,"Late","On Time"),"") -> On Time | L90: =IF(G90<>"",IF(G90<Lists!$L$11,"Early","On Time"),"") -> On Time | M90: =IF(E90="","",E90&IF(K90="Late"," +Late","")&IF(L90="Early"," +Early Exit","")) -> P
A91: 46253 | B91: XXX-82 | C91: =IFERROR(INDEX('Employee Master'!$B$10:$B$109,MATCH(B91,'Employee Master'!$A$10:$A$109,0)),"") | D91: =IFERROR(INDEX('Employee Master'!$H$10:$H$109,MATCH(B91,'Employee Master'!$A$10:$A$109,0)),"") | E91: WO | H91: 0 | J91: =IF(AND(F91<>"",G91<>""),ROUND((G91-F91)*24,2),"") | K91: =IF(F91<>"",IF(F91>Lists!$L$10,"Late","On Time"),"") | L91: =IF(G91<>"",IF(G91<Lists!$L$11,"Early","On Time"),"") | M91: =IF(E91="","",E91&IF(K91="Late"," +Late","")&IF(L91="Early"," +Early Exit","")) -> WO
A92: 46253 | B92: XXX-83 | C92: =IFERROR(INDEX('Employee Master'!$B$10:$B$109,MATCH(B92,'Employee Master'!$A$10:$A$109,0)),"") | D92: =IFERROR(INDEX('Employee Master'!$H$10:$H$109,MATCH(B92,'Employee Master'!$A$10:$A$109,0)),"") | E92: P | F92: 0.3875 | G92: 0.75694444 | H92: 0 | J92: =IF(AND(F92<>"",G92<>""),ROUND((G92-F92)*24,2),"") -> 8.87 | K92: =IF(F92<>"",IF(F92>Lists!$L$10,"Late","On Time"),"") -> On Time | L92: =IF(G92<>"",IF(G92<Lists!$L$11,"Early","On Time"),"") -> On Time | M92: =IF(E92="","",E92&IF(K92="Late"," +Late","")&IF(L92="Early"," +Early Exit","")) -> P
A93: 46253 | B93: XXX-84 | C93: =IFERROR(INDEX('Employee Master'!$B$10:$B$109,MATCH(B93,'Employee Master'!$A$10:$A$109,0)),"") | D93: =IFERROR(INDEX('Employee Master'!$H$10:$H$109,MATCH(B93,'Employee Master'!$A$10:$A$109,0)),"") | E93: P | F93: 0.38194444 | G93: 0.77430556 | H93: 0 | J93: =IF(AND(F93<>"",G93<>""),ROUND((G93-F93)*24,2),"") -> 9.42 | K93: =IF(F93<>"",IF(F93>Lists!$L$10,"Late","On Time"),"") -> On Time | L93: =IF(G93<>"",IF(G93<Lists!$L$11,"Early","On Time"),"") -> On Time | M93: =IF(E93="","",E93&IF(K93="Late"," +Late","")&IF(L93="Early"," +Early Exit","")) -> P
A94: 46253 | B94: XXX-85 | C94: =IFERROR(INDEX('Employee Master'!$B$10:$B$109,MATCH(B94,'Employee Master'!$A$10:$A$109,0)),"") | D94: =IFERROR(INDEX('Employee Master'!$H$10:$H$109,MATCH(B94,'Employee Master'!$A$10:$A$109,0)),"") | E94: HD | F94: 0.38541667 | G94: 0.5625 | H94: 0 | J94: =IF(AND(F94<>"",G94<>""),ROUND((G94-F94)*24,2),"") -> 4.25 | K94: =IF(F94<>"",IF(F94>Lists!$L$10,"Late","On Time"),"") -> On Time | L94: =IF(G94<>"",IF(G94<Lists!$L$11,"Early","On Time"),"") -> Early | M94: =IF(E94="","",E94&IF(K94="Late"," +Late","")&IF(L94="Early"," +Early Exit","")) -> HD +Early Exit
A95: 46253 | B95: XXX-86 | C95: =IFERROR(INDEX('Employee Master'!$B$10:$B$109,MATCH(B95,'Employee Master'!$A$10:$A$109,0)),"") | D95: =IFERROR(INDEX('Employee Master'!$H$10:$H$109,MATCH(B95,'Employee Master'!$A$10:$A$109,0)),"") | E95: HD | F95: 0.38194444 | G95: 0.5625 | H95: 0 | J95: =IF(AND(F95<>"",G95<>""),ROUND((G95-F95)*24,2),"") -> 4.33 | K95: =IF(F95<>"",IF(F95>Lists!$L$10,"Late","On Time"),"") -> On Time | L95: =IF(G95<>"",IF(G95<Lists!$L$11,"Early","On Time"),"") -> Early | M95: =IF(E95="","",E95&IF(K95="Late"," +Late","")&IF(L95="Early"," +Early Exit","")) -> HD +Early Exit
A96: 46253 | B96: XXX-87 | C96: =IFERROR(INDEX('Employee Master'!$B$10:$B$109,MATCH(B96,'Employee Master'!$A$10:$A$109,0)),"") | D96: =IFERROR(INDEX('Employee Master'!$H$10:$H$109,MATCH(B96,'Employee Master'!$A$10:$A$109,0)),"") | E96: P | F96: 0.39027778 | G96: 0.75347222 | H96: 0 | J96: =IF(AND(F96<>"",G96<>""),ROUND((G96-F96)*24,2),"") -> 8.72 | K96: =IF(F96<>"",IF(F96>Lists!$L$10,"Late","On Time"),"") -> On Time | L96: =IF(G96<>"",IF(G96<Lists!$L$11,"Early","On Time"),"") -> On Time | M96: =IF(E96="","",E96&IF(K96="Late"," +Late","")&IF(L96="Early"," +Early Exit","")) -> P
A97: 46253 | B97: XXX-88 | C97: =IFERROR(INDEX('Employee Master'!$B$10:$B$109,MATCH(B97,'Employee Master'!$A$10:$A$109,0)),"") | D97: =IFERROR(INDEX('Employee Master'!$H$10:$H$109,MATCH(B97,'Employee Master'!$A$10:$A$109,0)),"") | E97: P | F97: 0.3875 | G97: 0.76388889 | H97: 0 | J97: =IF(AND(F97<>"",G97<>""),ROUND((G97-F97)*24,2),"") -> 9.03 | K97: =IF(F97<>"",IF(F97>Lists!$L$10,"Late","On Time"),"") -> On Time | L97: =IF(G97<>"",IF(G97<Lists!$L$11,"Early","On Time"),"") -> On Time | M97: =IF(E97="","",E97&IF(K97="Late"," +Late","")&IF(L97="Early"," +Early Exit","")) -> P
A98: 46253 | B98: XXX-89 | C98: =IFERROR(INDEX('Employee Master'!$B$10:$B$109,MATCH(B98,'Employee Master'!$A$10:$A$109,0)),"") | D98: =IFERROR(INDEX('Employee Master'!$H$10:$H$109,MATCH(B98,'Employee Master'!$A$10:$A$109,0)),"") | E98: P | F98: 0.3875 | G98: 0.75694444 | H98: 0 | J98: =IF(AND(F98<>"",G98<>""),ROUND((G98-F98)*24,2),"") -> 8.87 | K98: =IF(F98<>"",IF(F98>Lists!$L$10,"Late","On Time"),"") -> On Time | L98: =IF(G98<>"",IF(G98<Lists!$L$11,"Early","On Time"),"") -> On Time | M98: =IF(E98="","",E98&IF(K98="Late"," +Late","")&IF(L98="Early"," +Early Exit","")) -> P
A99: 46253 | B99: XXX-90 | C99: =IFERROR(INDEX('Employee Master'!$B$10:$B$109,MATCH(B99,'Employee Master'!$A$10:$A$109,0)),"") | D99: =IFERROR(INDEX('Employee Master'!$H$10:$H$109,MATCH(B99,'Employee Master'!$A$10:$A$109,0)),"") | E99: WO | H99: 0 | J99: =IF(AND(F99<>"",G99<>""),ROUND((G99-F99)*24,2),"") | K99: =IF(F99<>"",IF(F99>Lists!$L$10,"Late","On Time"),"") | L99: =IF(G99<>"",IF(G99<Lists!$L$11,"Early","On Time"),"") | M99: =IF(E99="","",E99&IF(K99="Late"," +Late","")&IF(L99="Early"," +Early Exit","")) -> WO
A100: 46253 | B100: XXX-91 | C100: =IFERROR(INDEX('Employee Master'!$B$10:$B$109,MATCH(B100,'Employee Master'!$A$10:$A$109,0)),"") | D100: =IFERROR(INDEX('Employee Master'!$H$10:$H$109,MATCH(B100,'Employee Master'!$A$10:$A$109,0)),"") | E100: P | F100: 0.38194444 | G100: 0.77430556 | H100: 0 | J100: =IF(AND(F100<>"",G100<>""),ROUND((G100-F100)*24,2),"") -> 9.42 | K100: =IF(F100<>"",IF(F100>Lists!$L$10,"Late","On Time"),"") -> On Time | L100: =IF(G100<>"",IF(G100<Lists!$L$11,"Early","On Time"),"") -> On Time | M100: =IF(E100="","",E100&IF(K100="Late"," +Late","")&IF(L100="Early"," +Early Exit","")) -> P
A101: 46253 | B101: XXX-92 | C101: =IFERROR(INDEX('Employee Master'!$B$10:$B$109,MATCH(B101,'Employee Master'!$A$10:$A$109,0)),"") | D101: =IFERROR(INDEX('Employee Master'!$H$10:$H$109,MATCH(B101,'Employee Master'!$A$10:$A$109,0)),"") | E101: P | F101: 0.38194444 | G101: 0.75 | H101: 0 | J101: =IF(AND(F101<>"",G101<>""),ROUND((G101-F101)*24,2),"") -> 8.83 | K101: =IF(F101<>"",IF(F101>Lists!$L$10,"Late","On Time"),"") -> On Time | L101: =IF(G101<>"",IF(G101<Lists!$L$11,"Early","On Time"),"") -> On Time | M101: =IF(E101="","",E101&IF(K101="Late"," +Late","")&IF(L101="Early"," +Early Exit","")) -> P
A102: 46253 | B102: XXX-93 | C102: =IFERROR(INDEX('Employee Master'!$B$10:$B$109,MATCH(B102,'Employee Master'!$A$10:$A$109,0)),"") | D102: =IFERROR(INDEX('Employee Master'!$H$10:$H$109,MATCH(B102,'Employee Master'!$A$10:$A$109,0)),"") | E102: P | F102: 0.3875 | G102: 0.76388889 | H102: 0 | J102: =IF(AND(F102<>"",G102<>""),ROUND((G102-F102)*24,2),"") -> 9.03 | K102: =IF(F102<>"",IF(F102>Lists!$L$10,"Late","On Time"),"") -> On Time | L102: =IF(G102<>"",IF(G102<Lists!$L$11,"Early","On Time"),"") -> On Time | M102: =IF(E102="","",E102&IF(K102="Late"," +Late","")&IF(L102="Early"," +Early Exit","")) -> P
A103: 46253 | B103: XXX-94 | C103: =IFERROR(INDEX('Employee Master'!$B$10:$B$109,MATCH(B103,'Employee Master'!$A$10:$A$109,0)),"") | D103: =IFERROR(INDEX('Employee Master'!$H$10:$H$109,MATCH(B103,'Employee Master'!$A$10:$A$109,0)),"") | E103: P | F103: 0.37847222 | G103: 0.75347222 | H103: 2.5 | J103: =IF(AND(F103<>"",G103<>""),ROUND((G103-F103)*24,2),"") -> 9 | K103: =IF(F103<>"",IF(F103>Lists!$L$10,"Late","On Time"),"") -> On Time | L103: =IF(G103<>"",IF(G103<Lists!$L$11,"Early","On Time"),"") -> On Time | M103: =IF(E103="","",E103&IF(K103="Late"," +Late","")&IF(L103="Early"," +Early Exit","")) -> P
A104: 46253 | B104: XXX-95 | C104: =IFERROR(INDEX('Employee Master'!$B$10:$B$109,MATCH(B104,'Employee Master'!$A$10:$A$109,0)),"") | D104: =IFERROR(INDEX('Employee Master'!$H$10:$H$109,MATCH(B104,'Employee Master'!$A$10:$A$109,0)),"") | E104: P | F104: 0.3875 | G104: 0.75 | H104: 3 | J104: =IF(AND(F104<>"",G104<>""),ROUND((G104-F104)*24,2),"") -> 8.7 | K104: =IF(F104<>"",IF(F104>Lists!$L$10,"Late","On Time"),"") -> On Time | L104: =IF(G104<>"",IF(G104<Lists!$L$11,"Early","On Time"),"") -> On Time | M104: =IF(E104="","",E104&IF(K104="Late"," +Late","")&IF(L104="Early"," +Early Exit","")) -> P
A105: 46253 | B105: XXX-96 | C105: =IFERROR(INDEX('Employee Master'!$B$10:$B$109,MATCH(B105,'Employee Master'!$A$10:$A$109,0)),"") | D105: =IFERROR(INDEX('Employee Master'!$H$10:$H$109,MATCH(B105,'Employee Master'!$A$10:$A$109,0)),"") | E105: P | F105: 0.3875 | G105: 0.75347222 | H105: 0 | J105: =IF(AND(F105<>"",G105<>""),ROUND((G105-F105)*24,2),"") -> 8.78 | K105: =IF(F105<>"",IF(F105>Lists!$L$10,"Late","On Time"),"") -> On Time | L105: =IF(G105<>"",IF(G105<Lists!$L$11,"Early","On Time"),"") -> On Time | M105: =IF(E105="","",E105&IF(K105="Late"," +Late","")&IF(L105="Early"," +Early Exit","")) -> P
A106: 46253 | B106: XXX-97 | C106: =IFERROR(INDEX('Employee Master'!$B$10:$B$109,MATCH(B106,'Employee Master'!$A$10:$A$109,0)),"") | D106: =IFERROR(INDEX('Employee Master'!$H$10:$H$109,MATCH(B106,'Employee Master'!$A$10:$A$109,0)),"") | E106: P | F106: 0.38194444 | G106: 0.77430556 | H106: 0 | J106: =IF(AND(F106<>"",G106<>""),ROUND((G106-F106)*24,2),"") -> 9.42 | K106: =IF(F106<>"",IF(F106>Lists!$L$10,"Late","On Time"),"") -> On Time | L106: =IF(G106<>"",IF(G106<Lists!$L$11,"Early","On Time"),"") -> On Time | M106: =IF(E106="","",E106&IF(K106="Late"," +Late","")&IF(L106="Early"," +Early Exit","")) -> P
A107: 46253 | B107: XXX-98 | C107: =IFERROR(INDEX('Employee Master'!$B$10:$B$109,MATCH(B107,'Employee Master'!$A$10:$A$109,0)),"") | D107: =IFERROR(INDEX('Employee Master'!$H$10:$H$109,MATCH(B107,'Employee Master'!$A$10:$A$109,0)),"") | E107: HD | F107: 0.39236111 | G107: 0.5625 | H107: 0 | J107: =IF(AND(F107<>"",G107<>""),ROUND((G107-F107)*24,2),"") -> 4.08 | K107: =IF(F107<>"",IF(F107>Lists!$L$10,"Late","On Time"),"") -> On Time | L107: =IF(G107<>"",IF(G107<Lists!$L$11,"Early","On Time"),"") -> Early | M107: =IF(E107="","",E107&IF(K107="Late"," +Late","")&IF(L107="Early"," +Early Exit","")) -> HD +Early Exit
A108: 46253 | B108: XXX-99 | C108: =IFERROR(INDEX('Employee Master'!$B$10:$B$109,MATCH(B108,'Employee Master'!$A$10:$A$109,0)),"") | D108: =IFERROR(INDEX('Employee Master'!$H$10:$H$109,MATCH(B108,'Employee Master'!$A$10:$A$109,0)),"") | E108: WO | H108: 0 | J108: =IF(AND(F108<>"",G108<>""),ROUND((G108-F108)*24,2),"") | K108: =IF(F108<>"",IF(F108>Lists!$L$10,"Late","On Time"),"") | L108: =IF(G108<>"",IF(G108<Lists!$L$11,"Early","On Time"),"") | M108: =IF(E108="","",E108&IF(K108="Late"," +Late","")&IF(L108="Early"," +Early Exit","")) -> WO
A109: 46253 | B109: XXX-100 | C109: =IFERROR(INDEX('Employee Master'!$B$10:$B$109,MATCH(B109,'Employee Master'!$A$10:$A$109,0)),"") | D109: =IFERROR(INDEX('Employee Master'!$H$10:$H$109,MATCH(B109,'Employee Master'!$A$10:$A$109,0)),"") | E109: P | F109: 0.38194444 | G109: 0.77430556 | H109: 0 | J109: =IF(AND(F109<>"",G109<>""),ROUND((G109-F109)*24,2),"") -> 9.42 | K109: =IF(F109<>"",IF(F109>Lists!$L$10,"Late","On Time"),"") -> On Time | L109: =IF(G109<>"",IF(G109<Lists!$L$11,"Early","On Time"),"") -> On Time | M109: =IF(E109="","",E109&IF(K109="Late"," +Late","")&IF(L109="Early"," +Early Exit","")) -> P
A110: 46253 | B110: XXX-101 | C110: =IFERROR(INDEX('Employee Master'!$B$10:$B$109,MATCH(B110,'Employee Master'!$A$10:$A$109,0)),"") | D110: =IFERROR(INDEX('Employee Master'!$H$10:$H$109,MATCH(B110,'Employee Master'!$A$10:$A$109,0)),"") | E110: P | F110: 0.38541667 | G110: 0.75347222 | H110: 0 | J110: =IF(AND(F110<>"",G110<>""),ROUND((G110-F110)*24,2),"") -> 8.83 | K110: =IF(F110<>"",IF(F110>Lists!$L$10,"Late","On Time"),"") -> On Time | L110: =IF(G110<>"",IF(G110<Lists!$L$11,"Early","On Time"),"") -> On Time | M110: =IF(E110="","",E110&IF(K110="Late"," +Late","")&IF(L110="Early"," +Early Exit","")) -> P
A111: 46253 | B111: XXX-102 | C111: =IFERROR(INDEX('Employee Master'!$B$10:$B$109,MATCH(B111,'Employee Master'!$A$10:$A$109,0)),"") | D111: =IFERROR(INDEX('Employee Master'!$H$10:$H$109,MATCH(B111,'Employee Master'!$A$10:$A$109,0)),"") | E111: P | F111: 0.3875 | G111: 0.75 | H111: 2 | J111: =IF(AND(F111<>"",G111<>""),ROUND((G111-F111)*24,2),"") -> 8.7 | K111: =IF(F111<>"",IF(F111>Lists!$L$10,"Late","On Time"),"") -> On Time | L111: =IF(G111<>"",IF(G111<Lists!$L$11,"Early","On Time"),"") -> On Time | M111: =IF(E111="","",E111&IF(K111="Late"," +Late","")&IF(L111="Early"," +Early Exit","")) -> P
A112: 46254 | B112: XXX-103 | C112: =IFERROR(INDEX('Employee Master'!$B$10:$B$109,MATCH(B112,'Employee Master'!$A$10:$A$109,0)),"") | D112: =IFERROR(INDEX('Employee Master'!$H$10:$H$109,MATCH(B112,'Employee Master'!$A$10:$A$109,0)),"") | E112: P | F112: 0.39027778 | G112: 0.75347222 | H112: 0 | J112: =IF(AND(F112<>"",G112<>""),ROUND((G112-F112)*24,2),"") -> 8.72 | K112: =IF(F112<>"",IF(F112>Lists!$L$10,"Late","On Time"),"") -> On Time | L112: =IF(G112<>"",IF(G112<Lists!$L$11,"Early","On Time"),"") -> On Time | M112: =IF(E112="","",E112&IF(K112="Late"," +Late","")&IF(L112="Early"," +Early Exit","")) -> P
A113: 46254 | B113: XXX-104 | C113: =IFERROR(INDEX('Employee Master'!$B$10:$B$109,MATCH(B113,'Employee Master'!$A$10:$A$109,0)),"") | D113: =IFERROR(INDEX('Employee Master'!$H$10:$H$109,MATCH(B113,'Employee Master'!$A$10:$A$109,0)),"") | E113: P | F113: 0.39027778 | G113: 0.75 | H113: 2 | J113: =IF(AND(F113<>"",G113<>""),ROUND((G113-F113)*24,2),"") -> 8.63 | K113: =IF(F113<>"",IF(F113>Lists!$L$10,"Late","On Time"),"") -> On Time | L113: =IF(G113<>"",IF(G113<Lists!$L$11,"Early","On Time"),"") -> On Time | M113: =IF(E113="","",E113&IF(K113="Late"," +Late","")&IF(L113="Early"," +Early Exit","")) -> P
A114: 46254 | B114: XXX-105 | C114: =IFERROR(INDEX('Employee Master'!$B$10:$B$109,MATCH(B114,'Employee Master'!$A$10:$A$109,0)),"") | D114: =IFERROR(INDEX('Employee Master'!$H$10:$H$109,MATCH(B114,'Employee Master'!$A$10:$A$109,0)),"") | E114: P | F114: 0.38541667 | G114: 0.75694444 | H114: 0 | J114: =IF(AND(F114<>"",G114<>""),ROUND((G114-F114)*24,2),"") -> 8.92 | K114: =IF(F114<>"",IF(F114>Lists!$L$10,"Late","On Time"),"") -> On Time | L114: =IF(G114<>"",IF(G114<Lists!$L$11,"Early","On Time"),"") -> On Time | M114: =IF(E114="","",E114&IF(K114="Late"," +Late","")&IF(L114="Early"," +Early Exit","")) -> P
A115: 46254 | B115: XXX-106 | C115: =IFERROR(INDEX('Employee Master'!$B$10:$B$109,MATCH(B115,'Employee Master'!$A$10:$A$109,0)),"") | D115: =IFERROR(INDEX('Employee Master'!$H$10:$H$109,MATCH(B115,'Employee Master'!$A$10:$A$109,0)),"") | E115: P | F115: 0.3875 | G115: 0.77430556 | H115: 0 | J115: =IF(AND(F115<>"",G115<>""),ROUND((G115-F115)*24,2),"") -> 9.28 | K115: =IF(F115<>"",IF(F115>Lists!$L$10,"Late","On Time"),"") -> On Time | L115: =IF(G115<>"",IF(G115<Lists!$L$11,"Early","On Time"),"") -> On Time | M115: =IF(E115="","",E115&IF(K115="Late"," +Late","")&IF(L115="Early"," +Early Exit","")) -> P
A116: 46254 | B116: XXX-107 | C116: =IFERROR(INDEX('Employee Master'!$B$10:$B$109,MATCH(B116,'Employee Master'!$A$10:$A$109,0)),"") | D116: =IFERROR(INDEX('Employee Master'!$H$10:$H$109,MATCH(B116,'Employee Master'!$A$10:$A$109,0)),"") | E116: P | F116: 0.3875 | G116: 0.75694444 | H116: 1.5 | J116: =IF(AND(F116<>"",G116<>""),ROUND((G116-F116)*24,2),"") -> 8.87 | K116: =IF(F116<>"",IF(F116>Lists!$L$10,"Late","On Time"),"") -> On Time | L116: =IF(G116<>"",IF(G116<Lists!$L$11,"Early","On Time"),"") -> On Time | M116: =IF(E116="","",E116&IF(K116="Late"," +Late","")&IF(L116="Early"," +Early Exit","")) -> P
...

Sheet Leave Tracker
A1: LEAVE TRACKER
A2: Leave requests, approvals and day-count calculations linked to Employee Master
A3: HOME | B3: PEOPLE | C3: ATTEND. | D3: LEAVE | E3: PAYROLL | F3: DOCS | G3: COMPLY | H3: ANALYTICS | I3: MGMT
B5: TOTAL REQUESTS | D5: APPROVED | F5: PENDING | H5: REJECTED
B6: =COUNTA($A$10:$A$209) -> 18 | D6: =COUNTIF($H$10:$H$209,"Approved") -> 12 | F6: =COUNTIF($H$10:$H$209,"Pending") -> 4 | H6: =COUNTIF($H$10:$H$209,"Rejected") -> 2
A9: Leave ID | B9: Employee ID | C9: Employee Name | D9: From Date | E9: To Date | F9: Leave Type | G9: Days | H9: Approval Status | I9: Remarks
A10: LV-1000 | B10: XXX-01 | C10: =IFERROR(INDEX('Employee Master'!$B$10:$B$109,MATCH(B10,'Employee Master'!$A$10:$A$109,0)),"") -> Murugesan P | D10: 46250 | E10: 46251 | F10: ML | G10: =IF(OR(D10="",E10=""),"",E10-D10+1) -> 2 | H10: Pending
A11: LV-1001 | B11: XXX-02 | C11: =IFERROR(INDEX('Employee Master'!$B$10:$B$109,MATCH(B11,'Employee Master'!$A$10:$A$109,0)),"") -> Vijay K | D11: 46241 | E11: 46245 | F11: SL | G11: =IF(OR(D11="",E11=""),"",E11-D11+1) -> 5 | H11: Pending
A12: LV-1002 | B12: XXX-03 | C12: =IFERROR(INDEX('Employee Master'!$B$10:$B$109,MATCH(B12,'Employee Master'!$A$10:$A$109,0)),"") -> Murugesan P | D12: 46237 | E12: 46237 | F12: EL | G12: =IF(OR(D12="",E12=""),"",E12-D12+1) -> 1 | H12: Pending
A13: LV-1003 | B13: XXX-04 | C13: =IFERROR(INDEX('Employee Master'!$B$10:$B$109,MATCH(B13,'Employee Master'!$A$10:$A$109,0)),"") -> Murugesan S | D13: 46216 | E13: 46217 | F13: ML | G13: =IF(OR(D13="",E13=""),"",E13-D13+1) -> 2 | H13: Approved
A14: LV-1004 | B14: XXX-05 | C14: =IFERROR(INDEX('Employee Master'!$B$10:$B$109,MATCH(B14,'Employee Master'!$A$10:$A$109,0)),"") -> Murugesan | D14: 46229 | E14: 46229 | F14: EL | G14: =IF(OR(D14="",E14=""),"",E14-D14+1) -> 1 | H14: Approved
A15: LV-1005 | B15: XXX-06 | C15: =IFERROR(INDEX('Employee Master'!$B$10:$B$109,MATCH(B15,'Employee Master'!$A$10:$A$109,0)),"") -> Elango K | D15: 46244 | E15: 46245 | F15: EL | G15: =IF(OR(D15="",E15=""),"",E15-D15+1) -> 2 | H15: Pending
A16: LV-1006 | B16: XXX-07 | C16: =IFERROR(INDEX('Employee Master'!$B$10:$B$109,MATCH(B16,'Employee Master'!$A$10:$A$109,0)),"") -> Murugan | D16: 46228 | E16: 46230 | F16: LOP | G16: =IF(OR(D16="",E16=""),"",E16-D16+1) -> 3 | H16: Approved
A17: LV-1007 | B17: XXX-08 | C17: =IFERROR(INDEX('Employee Master'!$B$10:$B$109,MATCH(B17,'Employee Master'!$A$10:$A$109,0)),"") -> Bala Murugan | D17: 46217 | E17: 46218 | F17: SL | G17: =IF(OR(D17="",E17=""),"",E17-D17+1) -> 2 | H17: Approved
A18: LV-1008 | B18: XXX-09 | C18: =IFERROR(INDEX('Employee Master'!$B$10:$B$109,MATCH(B18,'Employee Master'!$A$10:$A$109,0)),"") -> Murugesan V | D18: 46235 | E18: 46235 | F18: CL | G18: =IF(OR(D18="",E18=""),"",E18-D18+1) -> 1 | H18: Rejected
A19: LV-1009 | B19: XXX-10 | C19: =IFERROR(INDEX('Employee Master'!$B$10:$B$109,MATCH(B19,'Employee Master'!$A$10:$A$109,0)),"") -> Elango P | D19: 46239 | E19: 46239 | F19: LOP | G19: =IF(OR(D19="",E19=""),"",E19-D19+1) -> 1 | H19: Approved
A20: LV-1010 | B20: XXX-11 | C20: =IFERROR(INDEX('Employee Master'!$B$10:$B$109,MATCH(B20,'Employee Master'!$A$10:$A$109,0)),"") -> Senthil Kumar K | D20: 46219 | E20: 46223 | F20: CL | G20: =IF(OR(D20="",E20=""),"",E20-D20+1) -> 5 | H20: Approved
A21: LV-1011 | B21: XXX-12 | C21: =IFERROR(INDEX('Employee Master'!$B$10:$B$109,MATCH(B21,'Employee Master'!$A$10:$A$109,0)),"") -> Saravanan P | D21: 46246 | E21: 46246 | F21: EL | G21: =IF(OR(D21="",E21=""),"",E21-D21+1) -> 1 | H21: Approved
... A27: LV-1017 | B27: XXX-18 | C27: =IFERROR(INDEX('Employee Master'!$B$10:$B$109,MATCH(B27,'Employee Master'!$A$10:$A$109,0)),"") -> Sowmya V | D27: 46228 | E27: 46228 | F27: LOP | G27: =IF(OR(D27="",E27=""),"",E27-D27+1) -> 1 | H27: Approved
B28: XXX-19 | C28: =IFERROR(INDEX('Employee Master'!$B$10:$B$109,MATCH(B28,'Employee Master'!$A$10:$A$109,0)),"") -> Nandhini | G28: =IF(OR(D28="",E28=""),"",E28-D28+1)
B29: XXX-20 | C29: =IFERROR(INDEX('Employee Master'!$B$10:$B$109,MATCH(B29,'Employee Master'!$A$10:$A$109,0)),"") -> Divya | G29: =IF(OR(D29="",E29=""),"",E29-D29+1)
B30: XXX-21 | C30: =IFERROR(INDEX('Employee Master'!$B$10:$B$109,MATCH(B30,'Employee Master'!$A$10:$A$109,0)),"") -> Divya K | G30: =IF(OR(D30="",E30=""),"",E30-D30+1)
B31: XXX-22 | C31: =IFERROR(INDEX('Employee Master'!$B$10:$B$109,MATCH(B31,'Employee Master'!$A$10:$A$109,0)),"") -> Karthik S | G31: =IF(OR(D31="",E31=""),"",E31-D31+1)
B32: XXX-23 | C32: =IFERROR(INDEX('Employee Master'!$B$10:$B$109,MATCH(B32,'Employee Master'!$A$10:$A$109,0)),"") -> Dinesh | G32: =IF(OR(D32="",E32=""),"",E32-D32+1)
B33: XXX-24 | C33: =IFERROR(INDEX('Employee Master'!$B$10:$B$109,MATCH(B33,'Employee Master'!$A$10:$A$109,0)),"") -> Kumaresan M | G33: =IF(OR(D33="",E33=""),"",E33-D33+1)
B34: XXX-25 | C34: =IFERROR(INDEX('Employee Master'!$B$10:$B$109,MATCH(B34,'Employee Master'!$A$10:$A$109,0)),"") -> Vijay P | G34: =IF(OR(D34="",E34=""),"",E34-D34+1)
B35: XXX-26 | C35: =IFERROR(INDEX('Employee Master'!$B$10:$B$109,MATCH(B35,'Employee Master'!$A$10:$A$109,0)),"") -> Divya R | G35: =IF(OR(D35="",E35=""),"",E35-D35+1)
B36: XXX-27 | C36: =IFERROR(INDEX('Employee Master'!$B$10:$B$109,MATCH(B36,'Employee Master'!$A$10:$A$109,0)),"") -> Selvam R | G36: =IF(OR(D36="",E36=""),"",E36-D36+1)
B37: XXX-28 | C37: =IFERROR(INDEX('Employee Master'!$B$10:$B$109,MATCH(B37,'Employee Master'!$A$10:$A$109,0)),"") -> Saravanan | G37: =IF(OR(D37="",E37=""),"",E37-D37+1)
B38: XXX-29 | C38: =IFERROR(INDEX('Employee Master'!$B$10:$B$109,MATCH(B38,'Employee Master'!$A$10:$A$109,0)),"") -> Nandhini R | G38: =IF(OR(D38="",E38=""),"",E38-D38+1)
B39: XXX-30 | C39: =IFERROR(INDEX('Employee Master'!$B$10:$B$109,MATCH(B39,'Employee Master'!$A$10:$A$109,0)),"") -> Kavitha R | G39: =IF(OR(D39="",E39=""),"",E39-D39+1)
... B45: XXX-36 | C45: =IFERROR(INDEX('Employee Master'!$B$10:$B$109,MATCH(B45,'Employee Master'!$A$10:$A$109,0)),"") -> Kavitha K | G45: =IF(OR(D45="",E45=""),"",E45-D45+1)
C46: =IFERROR(INDEX('Employee Master'!$B$10:$B$109,MATCH(B46,'Employee Master'!$A$10:$A$109,0)),"") | G46: =IF(OR(D46="",E46=""),"",E46-D46+1)
C47: =IFERROR(INDEX('Employee Master'!$B$10:$B$109,MATCH(B47,'Employee Master'!$A$10:$A$109,0)),"") | G47: =IF(OR(D47="",E47=""),"",E47-D47+1)
C48: =IFERROR(INDEX('Employee Master'!$B$10:$B$109,MATCH(B48,'Employee Master'!$A$10:$A$109,0)),"") | G48: =IF(OR(D48="",E48=""),"",E48-D48+1)
C49: =IFERROR(INDEX('Employee Master'!$B$10:$B$109,MATCH(B49,'Employee Master'!$A$10:$A$109,0)),"") | G49: =IF(OR(D49="",E49=""),"",E49-D49+1)
C50: =IFERROR(INDEX('Employee Master'!$B$10:$B$109,MATCH(B50,'Employee Master'!$A$10:$A$109,0)),"") | G50: =IF(OR(D50="",E50=""),"",E50-D50+1)
C51: =IFERROR(INDEX('Employee Master'!$B$10:$B$109,MATCH(B51,'Employee Master'!$A$10:$A$109,0)),"") | G51: =IF(OR(D51="",E51=""),"",E51-D51+1)
C52: =IFERROR(INDEX('Employee Master'!$B$10:$B$109,MATCH(B52,'Employee Master'!$A$10:$A$109,0)),"") | G52: =IF(OR(D52="",E52=""),"",E52-D52+1)
C53: =IFERROR(INDEX('Employee Master'!$B$10:$B$109,MATCH(B53,'Employee Master'!$A$10:$A$109,0)),"") | G53: =IF(OR(D53="",E53=""),"",E53-D53+1)
C54: =IFERROR(INDEX('Employee Master'!$B$10:$B$109,MATCH(B54,'Employee Master'!$A$10:$A$109,0)),"") | G54: =IF(OR(D54="",E54=""),"",E54-D54+1)
C55: =IFERROR(INDEX('Employee Master'!$B$10:$B$109,MATCH(B55,'Employee Master'!$A$10:$A$109,0)),"") | G55: =IF(OR(D55="",E55=""),"",E55-D55+1)
C56: =IFERROR(INDEX('Employee Master'!$B$10:$B$109,MATCH(B56,'Employee Master'!$A$10:$A$109,0)),"") | G56: =IF(OR(D56="",E56=""),"",E56-D56+1)
C57: =IFERROR(INDEX('Employee Master'!$B$10:$B$109,MATCH(B57,'Employee Master'!$A$10:$A$109,0)),"") | G57: =IF(OR(D57="",E57=""),"",E57-D57+1)
... C209: =IFERROR(INDEX('Employee Master'!$B$10:$B$109,MATCH(B209,'Employee Master'!$A$10:$A$109,0)),"") | G209: =IF(OR(D209="",E209=""),"",E209-D209+1)

Sheet OT Tracker
A1: OVERTIME TRACKER
A2: Overtime hours, rates and approval status, feeding directly into Payroll
A3: HOME | B3: PEOPLE | C3: ATTEND. | D3: LEAVE | E3: PAYROLL | F3: DOCS | G3: COMPLY | H3: ANALYTICS | I3: MGMT
B5: TOTAL OT HOURS | D5: TOTAL OT AMOUNT | F5: EMPLOYEES WITH OT | H5: AVG OT HRS/ENTRY
B6: =SUM($E$10:$E$209) -> 108.5 | D6: =SUM($G$10:$G$209) -> 11280 | F6: =IFERROR(SUMPRODUCT((B10:B209<>"")/COUNTIF(B10:B209,B10:B209&"")),0) -> 45 | H6: =IFERROR(AVERAGE($E$10:$E$209),0) -> 2.4111111
A9: Date | B9: Employee ID | C9: Employee Name | D9: Department | E9: OT Hours | F9: OT Rate | G9: OT Amount | H9: Approval Status | I9: Remarks
A10: 46251 | B10: XXX-01 | C10: =IFERROR(INDEX('Employee Master'!$B$10:$B$109,MATCH(B10,'Employee Master'!$A$10:$A$109,0)),"") -> Murugesan P | D10: =IFERROR(INDEX('Employee Master'!$H$10:$H$109,MATCH(B10,'Employee Master'!$A$10:$A$109,0)),"") -> Human Resources | E10: 1.5 | F10: 120 | G10: =IFERROR(E10*F10,0) -> 180 | H10: Approved
A11: 46259 | B11: XXX-02 | C11: =IFERROR(INDEX('Employee Master'!$B$10:$B$109,MATCH(B11,'Employee Master'!$A$10:$A$109,0)),"") -> Vijay K | D11: =IFERROR(INDEX('Employee Master'!$H$10:$H$109,MATCH(B11,'Employee Master'!$A$10:$A$109,0)),"") -> Finance & Accounts | E11: 4 | F11: 120 | G11: =IFERROR(E11*F11,0) -> 480 | H11: Pending
A12: 46259 | B12: XXX-03 | C12: =IFERROR(INDEX('Employee Master'!$B$10:$B$109,MATCH(B12,'Employee Master'!$A$10:$A$109,0)),"") -> Murugesan P | D12: =IFERROR(INDEX('Employee Master'!$H$10:$H$109,MATCH(B12,'Employee Master'!$A$10:$A$109,0)),"") -> Administration | E12: 4 | F12: 120 | G12: =IFERROR(E12*F12,0) -> 480 | H12: Approved
A13: 46256 | B13: XXX-04 | C13: =IFERROR(INDEX('Employee Master'!$B$10:$B$109,MATCH(B13,'Employee Master'!$A$10:$A$109,0)),"") -> Murugesan S | D13: =IFERROR(INDEX('Employee Master'!$H$10:$H$109,MATCH(B13,'Employee Master'!$A$10:$A$109,0)),"") -> Operations | E13: 2.5 | F13: 120 | G13: =IFERROR(E13*F13,0) -> 300 | H13: Approved
A14: 46252 | B14: XXX-05 | C14: =IFERROR(INDEX('Employee Master'!$B$10:$B$109,MATCH(B14,'Employee Master'!$A$10:$A$109,0)),"") -> Murugesan | D14: =IFERROR(INDEX('Employee Master'!$H$10:$H$109,MATCH(B14,'Employee Master'!$A$10:$A$109,0)),"") -> Sales & Marketing | E14: 1.5 | F14: 120 | G14: =IFERROR(E14*F14,0) -> 180 | H14: Pending
A15: 46251 | B15: XXX-06 | C15: =IFERROR(INDEX('Employee Master'!$B$10:$B$109,MATCH(B15,'Employee Master'!$A$10:$A$109,0)),"") -> Elango K | D15: =IFERROR(INDEX('Employee Master'!$H$10:$H$109,MATCH(B15,'Employee Master'!$A$10:$A$109,0)),"") -> IT & Systems | E15: 1 | F15: 120 | G15: =IFERROR(E15*F15,0) -> 120 | H15: Pending
A16: 46251 | B16: XXX-07 | C16: =IFERROR(INDEX('Employee Master'!$B$10:$B$109,MATCH(B16,'Employee Master'!$A$10:$A$109,0)),"") -> Murugan | D16: =IFERROR(INDEX('Employee Master'!$H$10:$H$109,MATCH(B16,'Employee Master'!$A$10:$A$109,0)),"") -> Procurement | E16: 4 | F16: 120 | G16: =IFERROR(E16*F16,0) -> 480 | H16: Pending
A17: 46252 | B17: XXX-08 | C17: =IFERROR(INDEX('Employee Master'!$B$10:$B$109,MATCH(B17,'Employee Master'!$A$10:$A$109,0)),"") -> Bala Murugan | D17: =IFERROR(INDEX('Employee Master'!$H$10:$H$109,MATCH(B17,'Employee Master'!$A$10:$A$109,0)),"") -> Quality Control | E17: 3 | F17: 120 | G17: =IFERROR(E17*F17,0) -> 360 | H17: Approved
A18: 46259 | B18: XXX-09 | C18: =IFERROR(INDEX('Employee Master'!$B$10:$B$109,MATCH(B18,'Employee Master'!$A$10:$A$109,0)),"") -> Murugesan V | D18: =IFERROR(INDEX('Employee Master'!$H$10:$H$109,MATCH(B18,'Employee Master'!$A$10:$A$109,0)),"") -> Maintenance | E18: 1.5 | F18: 120 | G18: =IFERROR(E18*F18,0) -> 180 | H18: Approved
A19: 46258 | B19: XXX-10 | C19: =IFERROR(INDEX('Employee Master'!$B$10:$B$109,MATCH(B19,'Employee Master'!$A$10:$A$109,0)),"") -> Elango P | D19: =IFERROR(INDEX('Employee Master'!$H$10:$H$109,MATCH(B19,'Employee Master'!$A$10:$A$109,0)),"") -> Customer Support | E19: 4 | F19: 90 | G19: =IFERROR(E19*F19,0) -> 360 | H19: Approved
A20: 46252 | B20: XXX-11 | C20: =IFERROR(INDEX('Employee Master'!$B$10:$B$109,MATCH(B20,'Employee Master'!$A$10:$A$109,0)),"") -> Senthil Kumar K | D20: =IFERROR(INDEX('Employee Master'!$H$10:$H$109,MATCH(B20,'Employee Master'!$A$10:$A$109,0)),"") -> Human Resources | E20: 4 | F20: 90 | G20: =IFERROR(E20*F20,0) -> 360 | H20: Approved
A21: 46256 | B21: XXX-12 | C21: =IFERROR(INDEX('Employee Master'!$B$10:$B$109,MATCH(B21,'Employee Master'!$A$10:$A$109,0)),"") -> Saravanan P | D21: =IFERROR(INDEX('Employee Master'!$H$10:$H$109,MATCH(B21,'Employee Master'!$A$10:$A$109,0)),"") -> Finance & Accounts | E21: 2.5 | F21: 90 | G21: =IFERROR(E21*F21,0) -> 225 | H21: Pending
... A54: 46259 | B54: XXX-45 | C54: =IFERROR(INDEX('Employee Master'!$B$10:$B$109,MATCH(B54,'Employee Master'!$A$10:$A$109,0)),"") | D54: =IFERROR(INDEX('Employee Master'!$H$10:$H$109,MATCH(B54,'Employee Master'!$A$10:$A$109,0)),"") | E54: 1.5 | F54: 120 | G54: =IFERROR(E54*F54,0) -> 180 | H54: Approved
C55: =IFERROR(INDEX('Employee Master'!$B$10:$B$109,MATCH(B55,'Employee Master'!$A$10:$A$109,0)),"") | D55: =IFERROR(INDEX('Employee Master'!$H$10:$H$109,MATCH(B55,'Employee Master'!$A$10:$A$109,0)),"") | F55: 0 | G55: =IFERROR(E55*F55,0) -> 0
C56: =IFERROR(INDEX('Employee Master'!$B$10:$B$109,MATCH(B56,'Employee Master'!$A$10:$A$109,0)),"") | D56: =IFERROR(INDEX('Employee Master'!$H$10:$H$109,MATCH(B56,'Employee Master'!$A$10:$A$109,0)),"") | F56: 0 | G56: =IFERROR(E56*F56,0) -> 0
C57: =IFERROR(INDEX('Employee Master'!$B$10:$B$109,MATCH(B57,'Employee Master'!$A$10:$A$109,0)),"") | D57: =IFERROR(INDEX('Employee Master'!$H$10:$H$109,MATCH(B57,'Employee Master'!$A$10:$A$109,0)),"") | F57: 0 | G57: =IFERROR(E57*F57,0) -> 0
C58: =IFERROR(INDEX('Employee Master'!$B$10:$B$109,MATCH(B58,'Employee Master'!$A$10:$A$109,0)),"") | D58: =IFERROR(INDEX('Employee Master'!$H$10:$H$109,MATCH(B58,'Employee Master'!$A$10:$A$109,0)),"") | F58: 0 | G58: =IFERROR(E58*F58,0) -> 0
C59: =IFERROR(INDEX('Employee Master'!$B$10:$B$109,MATCH(B59,'Employee Master'!$A$10:$A$109,0)),"") | D59: =IFERROR(INDEX('Employee Master'!$H$10:$H$109,MATCH(B59,'Employee Master'!$A$10:$A$109,0)),"") | F59: 0 | G59: =IFERROR(E59*F59,0) -> 0
C60: =IFERROR(INDEX('Employee Master'!$B$10:$B$109,MATCH(B60,'Employee Master'!$A$10:$A$109,0)),"") | D60: =IFERROR(INDEX('Employee Master'!$H$10:$H$109,MATCH(B60,'Employee Master'!$A$10:$A$109,0)),"") | F60: 0 | G60: =IFERROR(E60*F60,0) -> 0
C61: =IFERROR(INDEX('Employee Master'!$B$10:$B$109,MATCH(B61,'Employee Master'!$A$10:$A$109,0)),"") | D61: =IFERROR(INDEX('Employee Master'!$H$10:$H$109,MATCH(B61,'Employee Master'!$A$10:$A$109,0)),"") | F61: 0 | G61: =IFERROR(E61*F61,0) -> 0
C62: =IFERROR(INDEX('Employee Master'!$B$10:$B$109,MATCH(B62,'Employee Master'!$A$10:$A$109,0)),"") | D62: =IFERROR(INDEX('Employee Master'!$H$10:$H$109,MATCH(B62,'Employee Master'!$A$10:$A$109,0)),"") | F62: 0 | G62: =IFERROR(E62*F62,0) -> 0
C63: =IFERROR(INDEX('Employee Master'!$B$10:$B$109,MATCH(B63,'Employee Master'!$A$10:$A$109,0)),"") | D63: =IFERROR(INDEX('Employee Master'!$H$10:$H$109,MATCH(B63,'Employee Master'!$A$10:$A$109,0)),"") | F63: 0 | G63: =IFERROR(E63*F63,0) -> 0
C64: =IFERROR(INDEX('Employee Master'!$B$10:$B$109,MATCH(B64,'Employee Master'!$A$10:$A$109,0)),"") | D64: =IFERROR(INDEX('Employee Master'!$H$10:$H$109,MATCH(B64,'Employee Master'!$A$10:$A$109,0)),"") | F64: 0 | G64: =IFERROR(E64*F64,0) -> 0
C65: =IFERROR(INDEX('Employee Master'!$B$10:$B$109,MATCH(B65,'Employee Master'!$A$10:$A$109,0)),"") | D65: =IFERROR(INDEX('Employee Master'!$H$10:$H$109,MATCH(B65,'Employee Master'!$A$10:$A$109,0)),"") | F65: 0 | G65: =IFERROR(E65*F65,0) -> 0
C66: =IFERROR(INDEX('Employee Master'!$B$10:$B$109,MATCH(B66,'Employee Master'!$A$10:$A$109,0)),"") | D66: =IFERROR(INDEX('Employee Master'!$H$10:$H$109,MATCH(B66,'Employee Master'!$A$10:$A$109,0)),"") | F66: 0 | G66: =IFERROR(E66*F66,0) -> 0
... C209: =IFERROR(INDEX('Employee Master'!$B$10:$B$109,MATCH(B209,'Employee Master'!$A$10:$A$109,0)),"") | D209: =IFERROR(INDEX('Employee Master'!$H$10:$H$109,MATCH(B209,'Employee Master'!$A$10:$A$109,0)),"") | F209: 0 | G209: =IFERROR(E209*F209,0) -> 0

Sheet Document Tracker
A1: EMPLOYEE DOCUMENT TRACKER
A2: Statutory & HR document completion status per employee
A3: HOME | B3: PEOPLE | C3: ATTEND. | D3: LEAVE | E3: PAYROLL | F3: DOCS | G3: COMPLY | H3: ANALYTICS | I3: MGMT
B5: AVG COMPLETION % | E5: FULLY COMPLETE | H5: EMPLOYEES W/ GAPS | K5: MISSING DOCUMENTS
B6: =IFERROR(AVERAGE($I$10:$I$109),0) -> 0.54444444 | E6: =COUNTIF($I$10:$I$109,1) -> 4 | H6: =COUNTIFS($I$10:$I$109,"<1",$A$10:$A$109,"<>") -> 41 | K6: =SUM($J$10:$J$109) -> 123
A9: Employee ID | B9: Employee Name | C9: PAN | D9: Aadhaar | E9: Bank Proof | F9: Education | G9: Appointment Letter | H9: Address Proof | I9: Completion % | J9: Missing Docs | K9: Remarks
A10: XXX-01 | B10: =IFERROR(INDEX('Employee Master'!$B$10:$B$109,MATCH(A10,'Employee Master'!$A$10:$A$109,0)),"") -> Murugesan P | C10: Available | D10: Available | E10: Available | F10: Available | G10: Expired | H10: Missing | I10: =IF(A10="","",COUNTIF(C10:H10,"Available")/6) -> 0.66666667 | J10: =IF(A10="",0,6-COUNTIF(C10:H10,"Available")) -> 2
A11: XXX-02 | B11: =IFERROR(INDEX('Employee Master'!$B$10:$B$109,MATCH(A11,'Employee Master'!$A$10:$A$109,0)),"") -> Vijay K | C11: Available | D11: Available | E11: Available | F11: Available | G11: Available | H11: Available | I11: =IF(A11="","",COUNTIF(C11:H11,"Available")/6) -> 1 | J11: =IF(A11="",0,6-COUNTIF(C11:H11,"Available")) -> 0
A12: XXX-03 | B12: =IFERROR(INDEX('Employee Master'!$B$10:$B$109,MATCH(A12,'Employee Master'!$A$10:$A$109,0)),"") -> Murugesan P | C12: Pending | D12: Missing | E12: Available | F12: Pending | G12: Available | H12: Available | I12: =IF(A12="","",COUNTIF(C12:H12,"Available")/6) -> 0.5 | J12: =IF(A12="",0,6-COUNTIF(C12:H12,"Available")) -> 3
A13: XXX-04 | B13: =IFERROR(INDEX('Employee Master'!$B$10:$B$109,MATCH(A13,'Employee Master'!$A$10:$A$109,0)),"") -> Murugesan S | C13: Pending | D13: Available | E13: Available | F13: Available | G13: Available | H13: Missing | I13: =IF(A13="","",COUNTIF(C13:H13,"Available")/6) -> 0.66666667 | J13: =IF(A13="",0,6-COUNTIF(C13:H13,"Available")) -> 2
A14: XXX-05 | B14: =IFERROR(INDEX('Employee Master'!$B$10:$B$109,MATCH(A14,'Employee Master'!$A$10:$A$109,0)),"") -> Murugesan | C14: Missing | D14: Available | E14: Available | F14: Available | G14: Missing | H14: Available | I14: =IF(A14="","",COUNTIF(C14:H14,"Available")/6) -> 0.66666667 | J14: =IF(A14="",0,6-COUNTIF(C14:H14,"Available")) -> 2
A15: XXX-06 | B15: =IFERROR(INDEX('Employee Master'!$B$10:$B$109,MATCH(A15,'Employee Master'!$A$10:$A$109,0)),"") -> Elango K | C15: Available | D15: Available | E15: Available | F15: Available | G15: Expired | H15: Pending | I15: =IF(A15="","",COUNTIF(C15:H15,"Available")/6) -> 0.66666667 | J15: =IF(A15="",0,6-COUNTIF(C15:H15,"Available")) -> 2
A16: XXX-07 | B16: =IFERROR(INDEX('Employee Master'!$B$10:$B$109,MATCH(A16,'Employee Master'!$A$10:$A$109,0)),"") -> Murugan | C16: Available | D16: Available | E16: Expired | F16: Pending | G16: Available | H16: Available | I16: =IF(A16="","",COUNTIF(C16:H16,"Available")/6) -> 0.66666667 | J16: =IF(A16="",0,6-COUNTIF(C16:H16,"Available")) -> 2
A17: XXX-08 | B17: =IFERROR(INDEX('Employee Master'!$B$10:$B$109,MATCH(A17,'Employee Master'!$A$10:$A$109,0)),"") -> Bala Murugan | C17: Expired | D17: Available | E17: Expired | F17: Available | G17: Pending | H17: Available | I17: =IF(A17="","",COUNTIF(C17:H17,"Available")/6) -> 0.5 | J17: =IF(A17="",0,6-COUNTIF(C17:H17,"Available")) -> 3
A18: XXX-09 | B18: =IFERROR(INDEX('Employee Master'!$B$10:$B$109,MATCH(A18,'Employee Master'!$A$10:$A$109,0)),"") -> Murugesan V | C18: Pending | D18: Available | E18: Available | F18: Pending | G18: Available | H18: Available | I18: =IF(A18="","",COUNTIF(C18:H18,"Available")/6) -> 0.66666667 | J18: =IF(A18="",0,6-COUNTIF(C18:H18,"Available")) -> 2
A19: XXX-10 | B19: =IFERROR(INDEX('Employee Master'!$B$10:$B$109,MATCH(A19,'Employee Master'!$A$10:$A$109,0)),"") -> Elango P | C19: Available | D19: Available | E19: Pending | F19: Available | G19: Missing | H19: Pending | I19: =IF(A19="","",COUNTIF(C19:H19,"Available")/6) -> 0.5 | J19: =IF(A19="",0,6-COUNTIF(C19:H19,"Available")) -> 3
A20: XXX-11 | B20: =IFERROR(INDEX('Employee Master'!$B$10:$B$109,MATCH(A20,'Employee Master'!$A$10:$A$109,0)),"") -> Senthil Kumar K | C20: Available | D20: Available | E20: Pending | F20: Available | G20: Expired | H20: Available | I20: =IF(A20="","",COUNTIF(C20:H20,"Available")/6) -> 0.66666667 | J20: =IF(A20="",0,6-COUNTIF(C20:H20,"Available")) -> 2
A21: XXX-12 | B21: =IFERROR(INDEX('Employee Master'!$B$10:$B$109,MATCH(A21,'Employee Master'!$A$10:$A$109,0)),"") -> Saravanan P | C21: Available | D21: Available | E21: Pending | F21: Available | G21: Available | H21: Available | I21: =IF(A21="","",COUNTIF(C21:H21,"Available")/6) -> 0.83333333 | J21: =IF(A21="",0,6-COUNTIF(C21:H21,"Available")) -> 1
... A45: XXX-36 | B45: =IFERROR(INDEX('Employee Master'!$B$10:$B$109,MATCH(A45,'Employee Master'!$A$10:$A$109,0)),"") -> Kavitha K | C45: Pending | D45: Expired | E45: Missing | F45: Available | G45: Available | H45: Available | I45: =IF(A45="","",COUNTIF(C45:H45,"Available")/6) -> 0.5 | J45: =IF(A45="",0,6-COUNTIF(C45:H45,"Available")) -> 3
A46: XXX-37 | B46: =IFERROR(INDEX('Employee Master'!$B$10:$B$109,MATCH(A46,'Employee Master'!$A$10:$A$109,0)),"") | I46: =IF(A46="","",COUNTIF(C46:H46,"Available")/6) -> 0 | J46: =IF(A46="",0,6-COUNTIF(C46:H46,"Available")) -> 6
A47: XXX-38 | B47: =IFERROR(INDEX('Employee Master'!$B$10:$B$109,MATCH(A47,'Employee Master'!$A$10:$A$109,0)),"") | I47: =IF(A47="","",COUNTIF(C47:H47,"Available")/6) -> 0 | J47: =IF(A47="",0,6-COUNTIF(C47:H47,"Available")) -> 6
A48: XXX-39 | B48: =IFERROR(INDEX('Employee Master'!$B$10:$B$109,MATCH(A48,'Employee Master'!$A$10:$A$109,0)),"") | I48: =IF(A48="","",COUNTIF(C48:H48,"Available")/6) -> 0 | J48: =IF(A48="",0,6-COUNTIF(C48:H48,"Available")) -> 6
A49: XXX-40 | B49: =IFERROR(INDEX('Employee Master'!$B$10:$B$109,MATCH(A49,'Employee Master'!$A$10:$A$109,0)),"") | I49: =IF(A49="","",COUNTIF(C49:H49,"Available")/6) -> 0 | J49: =IF(A49="",0,6-COUNTIF(C49:H49,"Available")) -> 6
A50: XXX-41 | B50: =IFERROR(INDEX('Employee Master'!$B$10:$B$109,MATCH(A50,'Employee Master'!$A$10:$A$109,0)),"") | I50: =IF(A50="","",COUNTIF(C50:H50,"Available")/6) -> 0 | J50: =IF(A50="",0,6-COUNTIF(C50:H50,"Available")) -> 6
A51: XXX-42 | B51: =IFERROR(INDEX('Employee Master'!$B$10:$B$109,MATCH(A51,'Employee Master'!$A$10:$A$109,0)),"") | I51: =IF(A51="","",COUNTIF(C51:H51,"Available")/6) -> 0 | J51: =IF(A51="",0,6-COUNTIF(C51:H51,"Available")) -> 6
A52: XXX-43 | B52: =IFERROR(INDEX('Employee Master'!$B$10:$B$109,MATCH(A52,'Employee Master'!$A$10:$A$109,0)),"") | I52: =IF(A52="","",COUNTIF(C52:H52,"Available")/6) -> 0 | J52: =IF(A52="",0,6-COUNTIF(C52:H52,"Available")) -> 6
A53: XXX-44 | B53: =IFERROR(INDEX('Employee Master'!$B$10:$B$109,MATCH(A53,'Employee Master'!$A$10:$A$109,0)),"") | I53: =IF(A53="","",COUNTIF(C53:H53,"Available")/6) -> 0 | J53: =IF(A53="",0,6-COUNTIF(C53:H53,"Available")) -> 6
A54: XXX-45 | B54: =IFERROR(INDEX('Employee Master'!$B$10:$B$109,MATCH(A54,'Employee Master'!$A$10:$A$109,0)),"") | I54: =IF(A54="","",COUNTIF(C54:H54,"Available")/6) -> 0 | J54: =IF(A54="",0,6-COUNTIF(C54:H54,"Available")) -> 6
B55: =IFERROR(INDEX('Employee Master'!$B$10:$B$109,MATCH(A55,'Employee Master'!$A$10:$A$109,0)),"") | I55: =IF(A55="","",COUNTIF(C55:H55,"Available")/6) | J55: =IF(A55="",0,6-COUNTIF(C55:H55,"Available")) -> 0
B56: =IFERROR(INDEX('Employee Master'!$B$10:$B$109,MATCH(A56,'Employee Master'!$A$10:$A$109,0)),"") | I56: =IF(A56="","",COUNTIF(C56:H56,"Available")/6) | J56: =IF(A56="",0,6-COUNTIF(C56:H56,"Available")) -> 0
B57: =IFERROR(INDEX('Employee Master'!$B$10:$B$109,MATCH(A57,'Employee Master'!$A$10:$A$109,0)),"") | I57: =IF(A57="","",COUNTIF(C57:H57,"Available")/6) | J57: =IF(A57="",0,6-COUNTIF(C57:H57,"Available")) -> 0
B58: =IFERROR(INDEX('Employee Master'!$B$10:$B$109,MATCH(A58,'Employee Master'!$A$10:$A$109,0)),"") | I58: =IF(A58="","",COUNTIF(C58:H58,"Available")/6) | J58: =IF(A58="",0,6-COUNTIF(C58:H58,"Available")) -> 0
B59: =IFERROR(INDEX('Employee Master'!$B$10:$B$109,MATCH(A59,'Employee Master'!$A$10:$A$109,0)),"") | I59: =IF(A59="","",COUNTIF(C59:H59,"Available")/6) | J59: =IF(A59="",0,6-COUNTIF(C59:H59,"Available")) -> 0
B60: =IFERROR(INDEX('Employee Master'!$B$10:$B$109,MATCH(A60,'Employee Master'!$A$10:$A$109,0)),"") | I60: =IF(A60="","",COUNTIF(C60:H60,"Available")/6) | J60: =IF(A60="",0,6-COUNTIF(C60:H60,"Available")) -> 0
B61: =IFERROR(INDEX('Employee Master'!$B$10:$B$109,MATCH(A61,'Employee Master'!$A$10:$A$109,0)),"") | I61: =IF(A61="","",COUNTIF(C61:H61,"Available")/6) | J61: =IF(A61="",0,6-COUNTIF(C61:H61,"Available")) -> 0
B62: =IFERROR(INDEX('Employee Master'!$B$10:$B$109,MATCH(A62,'Employee Master'!$A$10:$A$109,0)),"") | I62: =IF(A62="","",COUNTIF(C62:H62,"Available")/6) | J62: =IF(A62="",0,6-COUNTIF(C62:H62,"Available")) -> 0
B63: =IFERROR(INDEX('Employee Master'!$B$10:$B$109,MATCH(A63,'Employee Master'!$A$10:$A$109,0)),"") | I63: =IF(A63="","",COUNTIF(C63:H63,"Available")/6) | J63: =IF(A63="",0,6-COUNTIF(C63:H63,"Available")) -> 0
B64: =IFERROR(INDEX('Employee Master'!$B$10:$B$109,MATCH(A64,'Employee Master'!$A$10:$A$109,0)),"") | I64: =IF(A64="","",COUNTIF(C64:H64,"Available")/6) | J64: =IF(A64="",0,6-COUNTIF(C64:H64,"Available")) -> 0
B65: =IFERROR(INDEX('Employee Master'!$B$10:$B$109,MATCH(A65,'Employee Master'!$A$10:$A$109,0)),"") | I65: =IF(A65="","",COUNTIF(C65:H65,"Available")/6) | J65: =IF(A65="",0,6-COUNTIF(C65:H65,"Available")) -> 0
B66: =IFERROR(INDEX('Employee Master'!$B$10:$B$109,MATCH(A66,'Employee Master'!$A$10:$A$109,0)),"") | I66: =IF(A66="","",COUNTIF(C66:H66,"Available")/6) | J66: =IF(A66="",0,6-COUNTIF(C66:H66,"Available")) -> 0
... B109: =IFERROR(INDEX('Employee Master'!$B$10:$B$109,MATCH(A109,'Employee Master'!$A$10:$A$109,0)),"") | I109: =IF(A109="","",COUNTIF(C109:H109,"Available")/6) | J109: =IF(A109="",0,6-COUNTIF(C109:H109,"Available")) -> 0

Sheet Expiry Tracker
A1: EXPIRY / RENEWAL TRACKER
A2: Certificates, licences and renewals - automatically flags what needs urgent attention
A3: HOME | B3: PEOPLE | C3: ATTEND. | D3: LEAVE | E3: PAYROLL | F3: DOCS | G3: COMPLY | H3: ANALYTICS | I3: MGMT
B5: EXPIRED | D5: DUE IN 7 DAYS | F5: DUE IN 30 DAYS | H5: VALID
B6: =COUNTIF($F$10:$F$109,"Expired") -> 6 | D6: =COUNTIF($F$10:$F$109,"Due in 7 Days") -> 0 | F6: =COUNTIF($F$10:$F$109,"Due in 30 Days") -> 5 | H6: =COUNTIF($F$10:$F$109,"Valid") -> 7
A9: Employee ID | B9: Employee Name | C9: Item | D9: Expiry Date | E9: Days Remaining | F9: Status | G9: Remarks
A10: XXX-01 | B10: =IFERROR(INDEX('Employee Master'!$B$10:$B$109,MATCH(A10,'Employee Master'!$A$10:$A$109,0)),"") -> Murugesan P | C10: Safety Training Certificate | D10: 46275 | E10: =IF(D10="","",D10-TODAY()) -> 10 | F10: =IF(AND(A10="",C10=""),"",IF(D10="","Missing",IF(E10<0,"Expired",IF(E10<=7,"Due in 7 Days",IF(E10<=30,"Due in 30 Days","Valid"))))) -> Due in 30 Days
A11: XXX-02 | B11: =IFERROR(INDEX('Employee Master'!$B$10:$B$109,MATCH(A11,'Employee Master'!$A$10:$A$109,0)),"") -> Vijay K | C11: Medical Fitness Certificate | D11: 46223 | E11: =IF(D11="","",D11-TODAY()) -> -42 | F11: =IF(AND(A11="",C11=""),"",IF(D11="","Missing",IF(E11<0,"Expired",IF(E11<=7,"Due in 7 Days",IF(E11<=30,"Due in 30 Days","Valid"))))) -> Expired
A12: XXX-03 | B12: =IFERROR(INDEX('Employee Master'!$B$10:$B$109,MATCH(A12,'Employee Master'!$A$10:$A$109,0)),"") -> Murugesan P | C12: Safety Training Certificate | D12: 46273 | E12: =IF(D12="","",D12-TODAY()) -> 8 | F12: =IF(AND(A12="",C12=""),"",IF(D12="","Missing",IF(E12<0,"Expired",IF(E12<=7,"Due in 7 Days",IF(E12<=30,"Due in 30 Days","Valid"))))) -> Due in 30 Days
A13: XXX-04 | B13: =IFERROR(INDEX('Employee Master'!$B$10:$B$109,MATCH(A13,'Employee Master'!$A$10:$A$109,0)),"") -> Murugesan S | C13: Safety Training Certificate | D13: 46278 | E13: =IF(D13="","",D13-TODAY()) -> 13 | F13: =IF(AND(A13="",C13=""),"",IF(D13="","Missing",IF(E13<0,"Expired",IF(E13<=7,"Due in 7 Days",IF(E13<=30,"Due in 30 Days","Valid"))))) -> Due in 30 Days
A14: XXX-05 | B14: =IFERROR(INDEX('Employee Master'!$B$10:$B$109,MATCH(A14,'Employee Master'!$A$10:$A$109,0)),"") -> Murugesan | C14: Contract Renewal | D14: 46349 | E14: =IF(D14="","",D14-TODAY()) -> 84 | F14: =IF(AND(A14="",C14=""),"",IF(D14="","Missing",IF(E14<0,"Expired",IF(E14<=7,"Due in 7 Days",IF(E14<=30,"Due in 30 Days","Valid"))))) -> Valid
A15: XXX-06 | B15: =IFERROR(INDEX('Employee Master'!$B$10:$B$109,MATCH(A15,'Employee Master'!$A$10:$A$109,0)),"") -> Elango K | C15: Medical Fitness Certificate | D15: 46320 | E15: =IF(D15="","",D15-TODAY()) -> 55 | F15: =IF(AND(A15="",C15=""),"",IF(D15="","Missing",IF(E15<0,"Expired",IF(E15<=7,"Due in 7 Days",IF(E15<=30,"Due in 30 Days","Valid"))))) -> Valid
A16: XXX-07 | B16: =IFERROR(INDEX('Employee Master'!$B$10:$B$109,MATCH(A16,'Employee Master'!$A$10:$A$109,0)),"") -> Murugan | C16: Insurance (Group Personal Accident) | D16: 46633 | E16: =IF(D16="","",D16-TODAY()) -> 368 | F16: =IF(AND(A16="",C16=""),"",IF(D16="","Missing",IF(E16<0,"Expired",IF(E16<=7,"Due in 7 Days",IF(E16<=30,"Due in 30 Days","Valid"))))) -> Valid
A17: XXX-08 | B17: =IFERROR(INDEX('Employee Master'!$B$10:$B$109,MATCH(A17,'Employee Master'!$A$10:$A$109,0)),"") -> Bala Murugan | C17: Medical Fitness Certificate | D17: 46277 | E17: =IF(D17="","",D17-TODAY()) -> 12 | F17: =IF(AND(A17="",C17=""),"",IF(D17="","Missing",IF(E17<0,"Expired",IF(E17<=7,"Due in 7 Days",IF(E17<=30,"Due in 30 Days","Valid"))))) -> Due in 30 Days
A18: XXX-09 | B18: =IFERROR(INDEX('Employee Master'!$B$10:$B$109,MATCH(A18,'Employee Master'!$A$10:$A$109,0)),"") -> Murugesan V | C18: Police Verification | D18: 46262 | E18: =IF(D18="","",D18-TODAY()) -> -3 | F18: =IF(AND(A18="",C18=""),"",IF(D18="","Missing",IF(E18<0,"Expired",IF(E18<=7,"Due in 7 Days",IF(E18<=30,"Due in 30 Days","Valid"))))) -> Expired
A19: XXX-10 | B19: =IFERROR(INDEX('Employee Master'!$B$10:$B$109,MATCH(A19,'Employee Master'!$A$10:$A$109,0)),"") -> Elango P | C19: Safety Training Certificate | D19: 46276 | E19: =IF(D19="","",D19-TODAY()) -> 11 | F19: =IF(AND(A19="",C19=""),"",IF(D19="","Missing",IF(E19<0,"Expired",IF(E19<=7,"Due in 7 Days",IF(E19<=30,"Due in 30 Days","Valid"))))) -> Due in 30 Days
A20: XXX-11 | B20: =IFERROR(INDEX('Employee Master'!$B$10:$B$109,MATCH(A20,'Employee Master'!$A$10:$A$109,0)),"") -> Senthil Kumar K | C20: Medical Fitness Certificate | D20: 46340 | E20: =IF(D20="","",D20-TODAY()) -> 75 | F20: =IF(AND(A20="",C20=""),"",IF(D20="","Missing",IF(E20<0,"Expired",IF(E20<=7,"Due in 7 Days",IF(E20<=30,"Due in 30 Days","Valid"))))) -> Valid
A21: XXX-12 | B21: =IFERROR(INDEX('Employee Master'!$B$10:$B$109,MATCH(A21,'Employee Master'!$A$10:$A$109,0)),"") -> Saravanan P | C21: Contract Renewal | D21: 46262 | E21: =IF(D21="","",D21-TODAY()) -> -3 | F21: =IF(AND(A21="",C21=""),"",IF(D21="","Missing",IF(E21<0,"Expired",IF(E21<=7,"Due in 7 Days",IF(E21<=30,"Due in 30 Days","Valid"))))) -> Expired
... A27: XXX-18 | B27: =IFERROR(INDEX('Employee Master'!$B$10:$B$109,MATCH(A27,'Employee Master'!$A$10:$A$109,0)),"") -> Sowmya V | C27: Contract Renewal | D27: 46233 | E27: =IF(D27="","",D27-TODAY()) -> -32 | F27: =IF(AND(A27="",C27=""),"",IF(D27="","Missing",IF(E27<0,"Expired",IF(E27<=7,"Due in 7 Days",IF(E27<=30,"Due in 30 Days","Valid"))))) -> Expired
A28: XXX-19 | B28: =IFERROR(INDEX('Employee Master'!$B$10:$B$109,MATCH(A28,'Employee Master'!$A$10:$A$109,0)),"") -> Nandhini | E28: =IF(D28="","",D28-TODAY()) | F28: =IF(AND(A28="",C28=""),"",IF(D28="","Missing",IF(E28<0,"Expired",IF(E28<=7,"Due in 7 Days",IF(E28<=30,"Due in 30 Days","Valid"))))) -> Missing
A29: XXX-20 | B29: =IFERROR(INDEX('Employee Master'!$B$10:$B$109,MATCH(A29,'Employee Master'!$A$10:$A$109,0)),"") -> Divya | E29: =IF(D29="","",D29-TODAY()) | F29: =IF(AND(A29="",C29=""),"",IF(D29="","Missing",IF(E29<0,"Expired",IF(E29<=7,"Due in 7 Days",IF(E29<=30,"Due in 30 Days","Valid"))))) -> Missing
A30: XXX-21 | B30: =IFERROR(INDEX('Employee Master'!$B$10:$B$109,MATCH(A30,'Employee Master'!$A$10:$A$109,0)),"") -> Divya K | E30: =IF(D30="","",D30-TODAY()) | F30: =IF(AND(A30="",C30=""),"",IF(D30="","Missing",IF(E30<0,"Expired",IF(E30<=7,"Due in 7 Days",IF(E30<=30,"Due in 30 Days","Valid"))))) -> Missing
A31: XXX-22 | B31: =IFERROR(INDEX('Employee Master'!$B$10:$B$109,MATCH(A31,'Employee Master'!$A$10:$A$109,0)),"") -> Karthik S | E31: =IF(D31="","",D31-TODAY()) | F31: =IF(AND(A31="",C31=""),"",IF(D31="","Missing",IF(E31<0,"Expired",IF(E31<=7,"Due in 7 Days",IF(E31<=30,"Due in 30 Days","Valid"))))) -> Missing
A32: XXX-23 | B32: =IFERROR(INDEX('Employee Master'!$B$10:$B$109,MATCH(A32,'Employee Master'!$A$10:$A$109,0)),"") -> Dinesh | E32: =IF(D32="","",D32-TODAY()) | F32: =IF(AND(A32="",C32=""),"",IF(D32="","Missing",IF(E32<0,"Expired",IF(E32<=7,"Due in 7 Days",IF(E32<=30,"Due in 30 Days","Valid"))))) -> Missing
A33: XXX-24 | B33: =IFERROR(INDEX('Employee Master'!$B$10:$B$109,MATCH(A33,'Employee Master'!$A$10:$A$109,0)),"") -> Kumaresan M | E33: =IF(D33="","",D33-TODAY()) | F33: =IF(AND(A33="",C33=""),"",IF(D33="","Missing",IF(E33<0,"Expired",IF(E33<=7,"Due in 7 Days",IF(E33<=30,"Due in 30 Days","Valid"))))) -> Missing
A34: XXX-25 | B34: =IFERROR(INDEX('Employee Master'!$B$10:$B$109,MATCH(A34,'Employee Master'!$A$10:$A$109,0)),"") -> Vijay P | E34: =IF(D34="","",D34-TODAY()) | F34: =IF(AND(A34="",C34=""),"",IF(D34="","Missing",IF(E34<0,"Expired",IF(E34<=7,"Due in 7 Days",IF(E34<=30,"Due in 30 Days","Valid"))))) -> Missing
A35: XXX-26 | B35: =IFERROR(INDEX('Employee Master'!$B$10:$B$109,MATCH(A35,'Employee Master'!$A$10:$A$109,0)),"") -> Divya R | E35: =IF(D35="","",D35-TODAY()) | F35: =IF(AND(A35="",C35=""),"",IF(D35="","Missing",IF(E35<0,"Expired",IF(E35<=7,"Due in 7 Days",IF(E35<=30,"Due in 30 Days","Valid"))))) -> Missing
A36: XXX-27 | B36: =IFERROR(INDEX('Employee Master'!$B$10:$B$109,MATCH(A36,'Employee Master'!$A$10:$A$109,0)),"") -> Selvam R | E36: =IF(D36="","",D36-TODAY()) | F36: =IF(AND(A36="",C36=""),"",IF(D36="","Missing",IF(E36<0,"Expired",IF(E36<=7,"Due in 7 Days",IF(E36<=30,"Due in 30 Days","Valid"))))) -> Missing
A37: XXX-28 | B37: =IFERROR(INDEX('Employee Master'!$B$10:$B$109,MATCH(A37,'Employee Master'!$A$10:$A$109,0)),"") -> Saravanan | E37: =IF(D37="","",D37-TODAY()) | F37: =IF(AND(A37="",C37=""),"",IF(D37="","Missing",IF(E37<0,"Expired",IF(E37<=7,"Due in 7 Days",IF(E37<=30,"Due in 30 Days","Valid"))))) -> Missing
A38: XXX-29 | B38: =IFERROR(INDEX('Employee Master'!$B$10:$B$109,MATCH(A38,'Employee Master'!$A$10:$A$109,0)),"") -> Nandhini R | E38: =IF(D38="","",D38-TODAY()) | F38: =IF(AND(A38="",C38=""),"",IF(D38="","Missing",IF(E38<0,"Expired",IF(E38<=7,"Due in 7 Days",IF(E38<=30,"Due in 30 Days","Valid"))))) -> Missing
A39: XXX-30 | B39: =IFERROR(INDEX('Employee Master'!$B$10:$B$109,MATCH(A39,'Employee Master'!$A$10:$A$109,0)),"") -> Kavitha R | E39: =IF(D39="","",D39-TODAY()) | F39: =IF(AND(A39="",C39=""),"",IF(D39="","Missing",IF(E39<0,"Expired",IF(E39<=7,"Due in 7 Days",IF(E39<=30,"Due in 30 Days","Valid"))))) -> Missing
... A54: XXX-45 | B54: =IFERROR(INDEX('Employee Master'!$B$10:$B$109,MATCH(A54,'Employee Master'!$A$10:$A$109,0)),"") | E54: =IF(D54="","",D54-TODAY()) | F54: =IF(AND(A54="",C54=""),"",IF(D54="","Missing",IF(E54<0,"Expired",IF(E54<=7,"Due in 7 Days",IF(E54<=30,"Due in 30 Days","Valid"))))) -> Missing
B55: =IFERROR(INDEX('Employee Master'!$B$10:$B$109,MATCH(A55,'Employee Master'!$A$10:$A$109,0)),"") | E55: =IF(D55="","",D55-TODAY()) | F55: =IF(AND(A55="",C55=""),"",IF(D55="","Missing",IF(E55<0,"Expired",IF(E55<=7,"Due in 7 Days",IF(E55<=30,"Due in 30 Days","Valid")))))
B56: =IFERROR(INDEX('Employee Master'!$B$10:$B$109,MATCH(A56,'Employee Master'!$A$10:$A$109,0)),"") | E56: =IF(D56="","",D56-TODAY()) | F56: =IF(AND(A56="",C56=""),"",IF(D56="","Missing",IF(E56<0,"Expired",IF(E56<=7,"Due in 7 Days",IF(E56<=30,"Due in 30 Days","Valid")))))
B57: =IFERROR(INDEX('Employee Master'!$B$10:$B$109,MATCH(A57,'Employee Master'!$A$10:$A$109,0)),"") | E57: =IF(D57="","",D57-TODAY()) | F57: =IF(AND(A57="",C57=""),"",IF(D57="","Missing",IF(E57<0,"Expired",IF(E57<=7,"Due in 7 Days",IF(E57<=30,"Due in 30 Days","Valid")))))
B58: =IFERROR(INDEX('Employee Master'!$B$10:$B$109,MATCH(A58,'Employee Master'!$A$10:$A$109,0)),"") | E58: =IF(D58="","",D58-TODAY()) | F58: =IF(AND(A58="",C58=""),"",IF(D58="","Missing",IF(E58<0,"Expired",IF(E58<=7,"Due in 7 Days",IF(E58<=30,"Due in 30 Days","Valid")))))
B59: =IFERROR(INDEX('Employee Master'!$B$10:$B$109,MATCH(A59,'Employee Master'!$A$10:$A$109,0)),"") | E59: =IF(D59="","",D59-TODAY()) | F59: =IF(AND(A59="",C59=""),"",IF(D59="","Missing",IF(E59<0,"Expired",IF(E59<=7,"Due in 7 Days",IF(E59<=30,"Due in 30 Days","Valid")))))
B60: =IFERROR(INDEX('Employee Master'!$B$10:$B$109,MATCH(A60,'Employee Master'!$A$10:$A$109,0)),"") | E60: =IF(D60="","",D60-TODAY()) | F60: =IF(AND(A60="",C60=""),"",IF(D60="","Missing",IF(E60<0,"Expired",IF(E60<=7,"Due in 7 Days",IF(E60<=30,"Due in 30 Days","Valid")))))
B61: =IFERROR(INDEX('Employee Master'!$B$10:$B$109,MATCH(A61,'Employee Master'!$A$10:$A$109,0)),"") | E61: =IF(D61="","",D61-TODAY()) | F61: =IF(AND(A61="",C61=""),"",IF(D61="","Missing",IF(E61<0,"Expired",IF(E61<=7,"Due in 7 Days",IF(E61<=30,"Due in 30 Days","Valid")))))
B62: =IFERROR(INDEX('Employee Master'!$B$10:$B$109,MATCH(A62,'Employee Master'!$A$10:$A$109,0)),"") | E62: =IF(D62="","",D62-TODAY()) | F62: =IF(AND(A62="",C62=""),"",IF(D62="","Missing",IF(E62<0,"Expired",IF(E62<=7,"Due in 7 Days",IF(E62<=30,"Due in 30 Days","Valid")))))
B63: =IFERROR(INDEX('Employee Master'!$B$10:$B$109,MATCH(A63,'Employee Master'!$A$10:$A$109,0)),"") | E63: =IF(D63="","",D63-TODAY()) | F63: =IF(AND(A63="",C63=""),"",IF(D63="","Missing",IF(E63<0,"Expired",IF(E63<=7,"Due in 7 Days",IF(E63<=30,"Due in 30 Days","Valid")))))
B64: =IFERROR(INDEX('Employee Master'!$B$10:$B$109,MATCH(A64,'Employee Master'!$A$10:$A$109,0)),"") | E64: =IF(D64="","",D64-TODAY()) | F64: =IF(AND(A64="",C64=""),"",IF(D64="","Missing",IF(E64<0,"Expired",IF(E64<=7,"Due in 7 Days",IF(E64<=30,"Due in 30 Days","Valid")))))
B65: =IFERROR(INDEX('Employee Master'!$B$10:$B$109,MATCH(A65,'Employee Master'!$A$10:$A$109,0)),"") | E65: =IF(D65="","",D65-TODAY()) | F65: =IF(AND(A65="",C65=""),"",IF(D65="","Missing",IF(E65<0,"Expired",IF(E65<=7,"Due in 7 Days",IF(E65<=30,"Due in 30 Days","Valid")))))
B66: =IFERROR(INDEX('Employee Master'!$B$10:$B$109,MATCH(A66,'Employee Master'!$A$10:$A$109,0)),"") | E66: =IF(D66="","",D66-TODAY()) | F66: =IF(AND(A66="",C66=""),"",IF(D66="","Missing",IF(E66<0,"Expired",IF(E66<=7,"Due in 7 Days",IF(E66<=30,"Due in 30 Days","Valid")))))
... B109: =IFERROR(INDEX('Employee Master'!$B$10:$B$109,MATCH(A109,'Employee Master'!$A$10:$A$109,0)),"") | E109: =IF(D109="","",D109-TODAY()) | F109: =IF(AND(A109="",C109=""),"",IF(D109="","Missing",IF(E109<0,"Expired",IF(E109<=7,"Due in 7 Days",IF(E109<=30,"Due in 30 Days","Valid")))))

Sheet Payroll
A1: PAYROLL PREPARATION
A2: Month-wise payroll run - Basic, LOP, OT, statutory deductions and net pay
A3: HOME | B3: PEOPLE | C3: ATTEND. | D3: LEAVE | E3: PAYROLL | F3: DOCS | G3: COMPLY | H3: ANALYTICS | I3: MGMT
B5: GROSS PAYROLL | E5: NET PAYROLL | I5: TOTAL OT AMOUNT | M5: TOTAL LOP + PF + ESI
B6: =SUM($F$10:$F$209) -> 826700 | E6: =SUM($O$10:$O$209) -> 767265.72 | I6: =SUM($J$10:$J$209) -> 11280 | M6: =SUM($I$10:$I$209)+SUM($L$10:$L$209)+SUM($M$10:$M$209) -> 70714.282
B7: ="Rs. "&TEXT(SUM($F$10:$F$209)/100000,"0.0")&" L" -> Rs. 8.3 L | E7: ="Rs. "&TEXT(SUM($O$10:$O$209)/100000,"0.0")&" L" -> Rs. 7.7 L
A9: Month | B9: Employee ID | C9: Employee Name | D9: Department | E9: Basic | F9: Gross | G9: Present Days | H9: LOP Days | I9: LOP Deduction | J9: OT Amount | K9: Other Deduction | L9: PF | M9: ESI | N9: Total Deductions | O9: Net Pay
A10: Jul-26 | B10: XXX-01 | C10: =IFERROR(INDEX('Employee Master'!$B$10:$B$109,MATCH(B10,'Employee Master'!$A$10:$A$109,0)),"") -> Murugesan P | D10: =IFERROR(INDEX('Employee Master'!$H$10:$H$109,MATCH(B10,'Employee Master'!$A$10:$A$109,0)),"") -> Human Resources | E10: =IFERROR(INDEX('Employee Master'!$Q$10:$Q$109,MATCH(B10,'Employee Master'!$A$10:$A$109,0)),0) -> 15656 | F10: =IFERROR(INDEX('Employee Master'!$R$10:$R$109,MATCH(B10,'Employee Master'!$A$10:$A$109,0)),0) -> 21150 | G10: 26 | H10: 0 | I10: =IFERROR(F10/30*H10,0) -> 0 | J10: =SUMIFS('OT Tracker'!$G$10:$G$209,'OT Tracker'!$B$10:$B$209,B10) -> 180 | K10: 0 | L10: =IFERROR(E10*Lists!$L$13*--(INDEX('Employee Master'!$S$10:$S$109,MATCH(B10,'Employee Master'!$A$10:$A$109,0))="Yes"),0) -> 1878.72 | M10: =IFERROR(F10*Lists!$L$14*--(INDEX('Employee Master'!$T$10:$T$109,MATCH(B10,'Employee Master'!$A$10:$A$109,0))="Yes"),0) -> 0 | N10: =I10+K10+L10+M10 -> 1878.72 | O10: =F10+J10-N10 -> 19451.28
A11: Jul-26 | B11: XXX-02 | C11: =IFERROR(INDEX('Employee Master'!$B$10:$B$109,MATCH(B11,'Employee Master'!$A$10:$A$109,0)),"") -> Vijay K | D11: =IFERROR(INDEX('Employee Master'!$H$10:$H$109,MATCH(B11,'Employee Master'!$A$10:$A$109,0)),"") -> Finance & Accounts | E11: =IFERROR(INDEX('Employee Master'!$Q$10:$Q$109,MATCH(B11,'Employee Master'!$A$10:$A$109,0)),0) -> 23632 | F11: =IFERROR(INDEX('Employee Master'!$R$10:$R$109,MATCH(B11,'Employee Master'!$A$10:$A$109,0)),0) -> 31900 | G11: 23 | H11: 0 | I11: =IFERROR(F11/30*H11,0) -> 0 | J11: =SUMIFS('OT Tracker'!$G$10:$G$209,'OT Tracker'!$B$10:$B$209,B11) -> 480 | K11: 0 | L11: =IFERROR(E11*Lists!$L$13*--(INDEX('Employee Master'!$S$10:$S$109,MATCH(B11,'Employee Master'!$A$10:$A$109,0))="Yes"),0) -> 2835.84 | M11: =IFERROR(F11*Lists!$L$14*--(INDEX('Employee Master'!$T$10:$T$109,MATCH(B11,'Employee Master'!$A$10:$A$109,0))="Yes"),0) -> 0 | N11: =I11+K11+L11+M11 -> 2835.84 | O11: =F11+J11-N11 -> 29544.16
A12: Jul-26 | B12: XXX-03 | C12: =IFERROR(INDEX('Employee Master'!$B$10:$B$109,MATCH(B12,'Employee Master'!$A$10:$A$109,0)),"") -> Murugesan P | D12: =IFERROR(INDEX('Employee Master'!$H$10:$H$109,MATCH(B12,'Employee Master'!$A$10:$A$109,0)),"") -> Administration | E12: =IFERROR(INDEX('Employee Master'!$Q$10:$Q$109,MATCH(B12,'Employee Master'!$A$10:$A$109,0)),0) -> 12590 | F12: =IFERROR(INDEX('Employee Master'!$R$10:$R$109,MATCH(B12,'Employee Master'!$A$10:$A$109,0)),0) -> 17000 | G12: 26 | H12: 0 | I12: =IFERROR(F12/30*H12,0) -> 0 | J12: =SUMIFS('OT Tracker'!$G$10:$G$209,'OT Tracker'!$B$10:$B$209,B12) -> 480 | K12: 0 | L12: =IFERROR(E12*Lists!$L$13*--(INDEX('Employee Master'!$S$10:$S$109,MATCH(B12,'Employee Master'!$A$10:$A$109,0))="Yes"),0) -> 1510.8 | M12: =IFERROR(F12*Lists!$L$14*--(INDEX('Employee Master'!$T$10:$T$109,MATCH(B12,'Employee Master'!$A$10:$A$109,0))="Yes"),0) -> 127.5 | N12: =I12+K12+L12+M12 -> 1638.3 | O12: =F12+J12-N12 -> 15841.7
A13: Jul-26 | B13: XXX-04 | C13: =IFERROR(INDEX('Employee Master'!$B$10:$B$109,MATCH(B13,'Employee Master'!$A$10:$A$109,0)),"") -> Murugesan S | D13: =IFERROR(INDEX('Employee Master'!$H$10:$H$109,MATCH(B13,'Employee Master'!$A$10:$A$109,0)),"") -> Operations | E13: =IFERROR(INDEX('Employee Master'!$Q$10:$Q$109,MATCH(B13,'Employee Master'!$A$10:$A$109,0)),0) -> 13039 | F13: =IFERROR(INDEX('Employee Master'!$R$10:$R$109,MATCH(B13,'Employee Master'!$A$10:$A$109,0)),0) -> 17600 | G13: 23 | H13: 0 | I13: =IFERROR(F13/30*H13,0) -> 0 | J13: =SUMIFS('OT Tracker'!$G$10:$G$209,'OT Tracker'!$B$10:$B$209,B13) -> 300 | K13: 0 | L13: =IFERROR(E13*Lists!$L$13*--(INDEX('Employee Master'!$S$10:$S$109,MATCH(B13,'Employee Master'!$A$10:$A$109,0))="Yes"),0) -> 1564.68 | M13: =IFERROR(F13*Lists!$L$14*--(INDEX('Employee Master'!$T$10:$T$109,MATCH(B13,'Employee Master'!$A$10:$A$109,0))="Yes"),0) -> 132 | N13: =I13+K13+L13+M13 -> 1696.68 | O13: =F13+J13-N13 -> 16203.32
A14: Jul-26 | B14: XXX-05 | C14: =IFERROR(INDEX('Employee Master'!$B$10:$B$109,MATCH(B14,'Employee Master'!$A$10:$A$109,0)),"") -> Murugesan | D14: =IFERROR(INDEX('Employee Master'!$H$10:$H$109,MATCH(B14,'Employee Master'!$A$10:$A$109,0)),"") -> Sales & Marketing | E14: =IFERROR(INDEX('Employee Master'!$Q$10:$Q$109,MATCH(B14,'Employee Master'!$A$10:$A$109,0)),0) -> 14073 | F14: =IFERROR(INDEX('Employee Master'!$R$10:$R$109,MATCH(B14,'Employee Master'!$A$10:$A$109,0)),0) -> 19000 | G14: 22 | H14: 0 | I14: =IFERROR(F14/30*H14,0) -> 0 | J14: =SUMIFS('OT Tracker'!$G$10:$G$209,'OT Tracker'!$B$10:$B$209,B14) -> 180 | K14: 0 | L14: =IFERROR(E14*Lists!$L$13*--(INDEX('Employee Master'!$S$10:$S$109,MATCH(B14,'Employee Master'!$A$10:$A$109,0))="Yes"),0) -> 1688.76 | M14: =IFERROR(F14*Lists!$L$14*--(INDEX('Employee Master'!$T$10:$T$109,MATCH(B14,'Employee Master'!$A$10:$A$109,0))="Yes"),0) -> 142.5 | N14: =I14+K14+L14+M14 -> 1831.26 | O14: =F14+J14-N14 -> 17348.74
A15: Jul-26 | B15: XXX-06 | C15: =IFERROR(INDEX('Employee Master'!$B$10:$B$109,MATCH(B15,'Employee Master'!$A$10:$A$109,0)),"") -> Elango K | D15: =IFERROR(INDEX('Employee Master'!$H$10:$H$109,MATCH(B15,'Employee Master'!$A$10:$A$109,0)),"") -> IT & Systems | E15: =IFERROR(INDEX('Employee Master'!$Q$10:$Q$109,MATCH(B15,'Employee Master'!$A$10:$A$109,0)),0) -> 26705 | F15: =IFERROR(INDEX('Employee Master'!$R$10:$R$109,MATCH(B15,'Employee Master'!$A$10:$A$109,0)),0) -> 36050 | G15: 26 | H15: 2 | I15: =IFERROR(F15/30*H15,0) -> 2403.3333 | J15: =SUMIFS('OT Tracker'!$G$10:$G$209,'OT Tracker'!$B$10:$B$209,B15) -> 120 | K15: 0 | L15: =IFERROR(E15*Lists!$L$13*--(INDEX('Employee Master'!$S$10:$S$109,MATCH(B15,'Employee Master'!$A$10:$A$109,0))="Yes"),0) -> 3204.6 | M15: =IFERROR(F15*Lists!$L$14*--(INDEX('Employee Master'!$T$10:$T$109,MATCH(B15,'Employee Master'!$A$10:$A$109,0))="Yes"),0) -> 0 | N15: =I15+K15+L15+M15 -> 5607.9333 | O15: =F15+J15-N15 -> 30562.067
A16: Jul-26 | B16: XXX-07 | C16: =IFERROR(INDEX('Employee Master'!$B$10:$B$109,MATCH(B16,'Employee Master'!$A$10:$A$109,0)),"") -> Murugan | D16: =IFERROR(INDEX('Employee Master'!$H$10:$H$109,MATCH(B16,'Employee Master'!$A$10:$A$109,0)),"") -> Procurement | E16: =IFERROR(INDEX('Employee Master'!$Q$10:$Q$109,MATCH(B16,'Employee Master'!$A$10:$A$109,0)),0) -> 14925 | F16: =IFERROR(INDEX('Employee Master'!$R$10:$R$109,MATCH(B16,'Employee Master'!$A$10:$A$109,0)),0) -> 20150 | G16: 26 | H16: 0 | I16: =IFERROR(F16/30*H16,0) -> 0 | J16: =SUMIFS('OT Tracker'!$G$10:$G$209,'OT Tracker'!$B$10:$B$209,B16) -> 480 | K16: 0 | L16: =IFERROR(E16*Lists!$L$13*--(INDEX('Employee Master'!$S$10:$S$109,MATCH(B16,'Employee Master'!$A$10:$A$109,0))="Yes"),0) -> 1791 | M16: =IFERROR(F16*Lists!$L$14*--(INDEX('Employee Master'!$T$10:$T$109,MATCH(B16,'Employee Master'!$A$10:$A$109,0))="Yes"),0) -> 151.125 | N16: =I16+K16+L16+M16 -> 1942.125 | O16: =F16+J16-N16 -> 18687.875
A17: Jul-26 | B17: XXX-08 | C17: =IFERROR(INDEX('Employee Master'!$B$10:$B$109,MATCH(B17,'Employee Master'!$A$10:$A$109,0)),"") -> Bala Murugan | D17: =IFERROR(INDEX('Employee Master'!$H$10:$H$109,MATCH(B17,'Employee Master'!$A$10:$A$109,0)),"") -> Quality Control | E17: =IFERROR(INDEX('Employee Master'!$Q$10:$Q$109,MATCH(B17,'Employee Master'!$A$10:$A$109,0)),0) -> 21570 | F17: =IFERROR(INDEX('Employee Master'!$R$10:$R$109,MATCH(B17,'Employee Master'!$A$10:$A$109,0)),0) -> 29100 | G17: 23 | H17: 1 | I17: =IFERROR(F17/30*H17,0) -> 970 | J17: =SUMIFS('OT Tracker'!$G$10:$G$209,'OT Tracker'!$B$10:$B$209,B17) -> 360 | K17: 0 | L17: =IFERROR(E17*Lists!$L$13*--(INDEX('Employee Master'!$S$10:$S$109,MATCH(B17,'Employee Master'!$A$10:$A$109,0))="Yes"),0) -> 2588.4 | M17: =IFERROR(F17*Lists!$L$14*--(INDEX('Employee Master'!$T$10:$T$109,MATCH(B17,'Employee Master'!$A$10:$A$109,0))="Yes"),0) -> 0 | N17: =I17+K17+L17+M17 -> 3558.4 | O17: =F17+J17-N17 -> 25901.6
A18: Jul-26 | B18: XXX-09 | C18: =IFERROR(INDEX('Employee Master'!$B$10:$B$109,MATCH(B18,'Employee Master'!$A$10:$A$109,0)),"") -> Murugesan V | D18: =IFERROR(INDEX('Employee Master'!$H$10:$H$109,MATCH(B18,'Employee Master'!$A$10:$A$109,0)),"") -> Maintenance | E18: =IFERROR(INDEX('Employee Master'!$Q$10:$Q$109,MATCH(B18,'Employee Master'!$A$10:$A$109,0)),0) -> 19532 | F18: =IFERROR(INDEX('Employee Master'!$R$10:$R$109,MATCH(B18,'Employee Master'!$A$10:$A$109,0)),0) -> 26350 | G18: 25 | H18: 0 | I18: =IFERROR(F18/30*H18,0) -> 0 | J18: =SUMIFS('OT Tracker'!$G$10:$G$209,'OT Tracker'!$B$10:$B$209,B18) -> 180 | K18: 0 | L18: =IFERROR(E18*Lists!$L$13*--(INDEX('Employee Master'!$S$10:$S$109,MATCH(B18,'Employee Master'!$A$10:$A$109,0))="Yes"),0) -> 2343.84 | M18: =IFERROR(F18*Lists!$L$14*--(INDEX('Employee Master'!$T$10:$T$109,MATCH(B18,'Employee Master'!$A$10:$A$109,0))="Yes"),0) -> 0 | N18: =I18+K18+L18+M18 -> 2343.84 | O18: =F18+J18-N18 -> 24186.16
A19: Jul-26 | B19: XXX-10 | C19: =IFERROR(INDEX('Employee Master'!$B$10:$B$109,MATCH(B19,'Employee Master'!$A$10:$A$109,0)),"") -> Elango P | D19: =IFERROR(INDEX('Employee Master'!$H$10:$H$109,MATCH(B19,'Employee Master'!$A$10:$A$109,0)),"") -> Customer Support | E19: =IFERROR(INDEX('Employee Master'!$Q$10:$Q$109,MATCH(B19,'Employee Master'!$A$10:$A$109,0)),0) -> 19959 | F19: =IFERROR(INDEX('Employee Master'!$R$10:$R$109,MATCH(B19,'Employee Master'!$A$10:$A$109,0)),0) -> 26950 | G19: 26 | H19: 0 | I19: =IFERROR(F19/30*H19,0) -> 0 | J19: =SUMIFS('OT Tracker'!$G$10:$G$209,'OT Tracker'!$B$10:$B$209,B19) -> 360 | K19: 0 | L19: =IFERROR(E19*Lists!$L$13*--(INDEX('Employee Master'!$S$10:$S$109,MATCH(B19,'Employee Master'!$A$10:$A$109,0))="Yes"),0) -> 2395.08 | M19: =IFERROR(F19*Lists!$L$14*--(INDEX('Employee Master'!$T$10:$T$109,MATCH(B19,'Employee Master'!$A$10:$A$109,0))="Yes"),0) -> 0 | N19: =I19+K19+L19+M19 -> 2395.08 | O19: =F19+J19-N19 -> 24914.92
A20: Jul-26 | B20: XXX-11 | C20: =IFERROR(INDEX('Employee Master'!$B$10:$B$109,MATCH(B20,'Employee Master'!$A$10:$A$109,0)),"") -> Senthil Kumar K | D20: =IFERROR(INDEX('Employee Master'!$H$10:$H$109,MATCH(B20,'Employee Master'!$A$10:$A$109,0)),"") -> Human Resources | E20: =IFERROR(INDEX('Employee Master'!$Q$10:$Q$109,MATCH(B20,'Employee Master'!$A$10:$A$109,0)),0) -> 15179 | F20: =IFERROR(INDEX('Employee Master'!$R$10:$R$109,MATCH(B20,'Employee Master'!$A$10:$A$109,0)),0) -> 20500 | G20: 23 | H20: 0 | I20: =IFERROR(F20/30*H20,0) -> 0 | J20: =SUMIFS('OT Tracker'!$G$10:$G$209,'OT Tracker'!$B$10:$B$209,B20) -> 360 | K20: 0 | L20: =IFERROR(E20*Lists!$L$13*--(INDEX('Employee Master'!$S$10:$S$109,MATCH(B20,'Employee Master'!$A$10:$A$109,0))="Yes"),0) -> 1821.48 | M20: =IFERROR(F20*Lists!$L$14*--(INDEX('Employee Master'!$T$10:$T$109,MATCH(B20,'Employee Master'!$A$10:$A$109,0))="Yes"),0) -> 153.75 | N20: =I20+K20+L20+M20 -> 1975.23 | O20: =F20+J20-N20 -> 18884.77
A21: Jul-26 | B21: XXX-12 | C21: =IFERROR(INDEX('Employee Master'!$B$10:$B$109,MATCH(B21,'Employee Master'!$A$10:$A$109,0)),"") -> Saravanan P | D21: =IFERROR(INDEX('Employee Master'!$H$10:$H$109,MATCH(B21,'Employee Master'!$A$10:$A$109,0)),"") -> Finance & Accounts | E21: =IFERROR(INDEX('Employee Master'!$Q$10:$Q$109,MATCH(B21,'Employee Master'!$A$10:$A$109,0)),0) -> 12736 | F21: =IFERROR(INDEX('Employee Master'!$R$10:$R$109,MATCH(B21,'Employee Master'!$A$10:$A$109,0)),0) -> 17200 | G21: 23 | H21: 0 | I21: =IFERROR(F21/30*H21,0) -> 0 | J21: =SUMIFS('OT Tracker'!$G$10:$G$209,'OT Tracker'!$B$10:$B$209,B21) -> 225 | K21: 0 | L21: =IFERROR(E21*Lists!$L$13*--(INDEX('Employee Master'!$S$10:$S$109,MATCH(B21,'Employee Master'!$A$10:$A$109,0))="Yes"),0) -> 0 | M21: =IFERROR(F21*Lists!$L$14*--(INDEX('Employee Master'!$T$10:$T$109,MATCH(B21,'Employee Master'!$A$10:$A$109,0))="Yes"),0) -> 129 | N21: =I21+K21+L21+M21 -> 129 | O21: =F21+J21-N21 -> 17296
... A80: Aug-26 | B80: XXX-71 | C80: =IFERROR(INDEX('Employee Master'!$B$10:$B$109,MATCH(B80,'Employee Master'!$A$10:$A$109,0)),"") | D80: =IFERROR(INDEX('Employee Master'!$H$10:$H$109,MATCH(B80,'Employee Master'!$A$10:$A$109,0)),"") | E80: =IFERROR(INDEX('Employee Master'!$Q$10:$Q$109,MATCH(B80,'Employee Master'!$A$10:$A$109,0)),0) -> 0 | F80: =IFERROR(INDEX('Employee Master'!$R$10:$R$109,MATCH(B80,'Employee Master'!$A$10:$A$109,0)),0) -> 0 | G80: 24 | H80: 0 | I80: =IFERROR(F80/30*H80,0) -> 0 | J80: =SUMIFS('OT Tracker'!$G$10:$G$209,'OT Tracker'!$B$10:$B$209,B80) -> 0 | K80: 0 | L80: =IFERROR(E80*Lists!$L$13*--(INDEX('Employee Master'!$S$10:$S$109,MATCH(B80,'Employee Master'!$A$10:$A$109,0))="Yes"),0) -> 0 | M80: =IFERROR(F80*Lists!$L$14*--(INDEX('Employee Master'!$T$10:$T$109,MATCH(B80,'Employee Master'!$A$10:$A$109,0))="Yes"),0) -> 0 | N80: =I80+K80+L80+M80 -> 0 | O80: =F80+J80-N80 -> 0
C81: =IFERROR(INDEX('Employee Master'!$B$10:$B$109,MATCH(B81,'Employee Master'!$A$10:$A$109,0)),"") | D81: =IFERROR(INDEX('Employee Master'!$H$10:$H$109,MATCH(B81,'Employee Master'!$A$10:$A$109,0)),"") | E81: =IFERROR(INDEX('Employee Master'!$Q$10:$Q$109,MATCH(B81,'Employee Master'!$A$10:$A$109,0)),0) -> 0 | F81: =IFERROR(INDEX('Employee Master'!$R$10:$R$109,MATCH(B81,'Employee Master'!$A$10:$A$109,0)),0) -> 0 | H81: 0 | I81: =IFERROR(F81/30*H81,0) -> 0 | J81: =SUMIFS('OT Tracker'!$G$10:$G$209,'OT Tracker'!$B$10:$B$209,B81) -> 0 | K81: 0 | L81: =IFERROR(E81*Lists!$L$13*--(INDEX('Employee Master'!$S$10:$S$109,MATCH(B81,'Employee Master'!$A$10:$A$109,0))="Yes"),0) -> 0 | M81: =IFERROR(F81*Lists!$L$14*--(INDEX('Employee Master'!$T$10:$T$109,MATCH(B81,'Employee Master'!$A$10:$A$109,0))="Yes"),0) -> 0 | N81: =I81+K81+L81+M81 -> 0 | O81: =F81+J81-N81 -> 0
C82: =IFERROR(INDEX('Employee Master'!$B$10:$B$109,MATCH(B82,'Employee Master'!$A$10:$A$109,0)),"") | D82: =IFERROR(INDEX('Employee Master'!$H$10:$H$109,MATCH(B82,'Employee Master'!$A$10:$A$109,0)),"") | E82: =IFERROR(INDEX('Employee Master'!$Q$10:$Q$109,MATCH(B82,'Employee Master'!$A$10:$A$109,0)),0) -> 0 | F82: =IFERROR(INDEX('Employee Master'!$R$10:$R$109,MATCH(B82,'Employee Master'!$A$10:$A$109,0)),0) -> 0 | H82: 0 | I82: =IFERROR(F82/30*H82,0) -> 0 | J82: =SUMIFS('OT Tracker'!$G$10:$G$209,'OT Tracker'!$B$10:$B$209,B82) -> 0 | K82: 0 | L82: =IFERROR(E82*Lists!$L$13*--(INDEX('Employee Master'!$S$10:$S$109,MATCH(B82,'Employee Master'!$A$10:$A$109,0))="Yes"),0) -> 0 | M82: =IFERROR(F82*Lists!$L$14*--(INDEX('Employee Master'!$T$10:$T$109,MATCH(B82,'Employee Master'!$A$10:$A$109,0))="Yes"),0) -> 0 | N82: =I82+K82+L82+M82 -> 0 | O82: =F82+J82-N82 -> 0
C83: =IFERROR(INDEX('Employee Master'!$B$10:$B$109,MATCH(B83,'Employee Master'!$A$10:$A$109,0)),"") | D83: =IFERROR(INDEX('Employee Master'!$H$10:$H$109,MATCH(B83,'Employee Master'!$A$10:$A$109,0)),"") | E83: =IFERROR(INDEX('Employee Master'!$Q$10:$Q$109,MATCH(B83,'Employee Master'!$A$10:$A$109,0)),0) -> 0 | F83: =IFERROR(INDEX('Employee Master'!$R$10:$R$109,MATCH(B83,'Employee Master'!$A$10:$A$109,0)),0) -> 0 | H83: 0 | I83: =IFERROR(F83/30*H83,0) -> 0 | J83: =SUMIFS('OT Tracker'!$G$10:$G$209,'OT Tracker'!$B$10:$B$209,B83) -> 0 | K83: 0 | L83: =IFERROR(E83*Lists!$L$13*--(INDEX('Employee Master'!$S$10:$S$109,MATCH(B83,'Employee Master'!$A$10:$A$109,0))="Yes"),0) -> 0 | M83: =IFERROR(F83*Lists!$L$14*--(INDEX('Employee Master'!$T$10:$T$109,MATCH(B83,'Employee Master'!$A$10:$A$109,0))="Yes"),0) -> 0 | N83: =I83+K83+L83+M83 -> 0 | O83: =F83+J83-N83 -> 0
C84: =IFERROR(INDEX('Employee Master'!$B$10:$B$109,MATCH(B84,'Employee Master'!$A$10:$A$109,0)),"") | D84: =IFERROR(INDEX('Employee Master'!$H$10:$H$109,MATCH(B84,'Employee Master'!$A$10:$A$109,0)),"") | E84: =IFERROR(INDEX('Employee Master'!$Q$10:$Q$109,MATCH(B84,'Employee Master'!$A$10:$A$109,0)),0) -> 0 | F84: =IFERROR(INDEX('Employee Master'!$R$10:$R$109,MATCH(B84,'Employee Master'!$A$10:$A$109,0)),0) -> 0 | H84: 0 | I84: =IFERROR(F84/30*H84,0) -> 0 | J84: =SUMIFS('OT Tracker'!$G$10:$G$209,'OT Tracker'!$B$10:$B$209,B84) -> 0 | K84: 0 | L84: =IFERROR(E84*Lists!$L$13*--(INDEX('Employee Master'!$S$10:$S$109,MATCH(B84,'Employee Master'!$A$10:$A$109,0))="Yes"),0) -> 0 | M84: =IFERROR(F84*Lists!$L$14*--(INDEX('Employee Master'!$T$10:$T$109,MATCH(B84,'Employee Master'!$A$10:$A$109,0))="Yes"),0) -> 0 | N84: =I84+K84+L84+M84 -> 0 | O84: =F84+J84-N84 -> 0
C85: =IFERROR(INDEX('Employee Master'!$B$10:$B$109,MATCH(B85,'Employee Master'!$A$10:$A$109,0)),"") | D85: =IFERROR(INDEX('Employee Master'!$H$10:$H$109,MATCH(B85,'Employee Master'!$A$10:$A$109,0)),"") | E85: =IFERROR(INDEX('Employee Master'!$Q$10:$Q$109,MATCH(B85,'Employee Master'!$A$10:$A$109,0)),0) -> 0 | F85: =IFERROR(INDEX('Employee Master'!$R$10:$R$109,MATCH(B85,'Employee Master'!$A$10:$A$109,0)),0) -> 0 | H85: 0 | I85: =IFERROR(F85/30*H85,0) -> 0 | J85: =SUMIFS('OT Tracker'!$G$10:$G$209,'OT Tracker'!$B$10:$B$209,B85) -> 0 | K85: 0 | L85: =IFERROR(E85*Lists!$L$13*--(INDEX('Employee Master'!$S$10:$S$109,MATCH(B85,'Employee Master'!$A$10:$A$109,0))="Yes"),0) -> 0 | M85: =IFERROR(F85*Lists!$L$14*--(INDEX('Employee Master'!$T$10:$T$109,MATCH(B85,'Employee Master'!$A$10:$A$109,0))="Yes"),0) -> 0 | N85: =I85+K85+L85+M85 -> 0 | O85: =F85+J85-N85 -> 0
C86: =IFERROR(INDEX('Employee Master'!$B$10:$B$109,MATCH(B86,'Employee Master'!$A$10:$A$109,0)),"") | D86: =IFERROR(INDEX('Employee Master'!$H$10:$H$109,MATCH(B86,'Employee Master'!$A$10:$A$109,0)),"") | E86: =IFERROR(INDEX('Employee Master'!$Q$10:$Q$109,MATCH(B86,'Employee Master'!$A$10:$A$109,0)),0) -> 0 | F86: =IFERROR(INDEX('Employee Master'!$R$10:$R$109,MATCH(B86,'Employee Master'!$A$10:$A$109,0)),0) -> 0 | H86: 0 | I86: =IFERROR(F86/30*H86,0) -> 0 | J86: =SUMIFS('OT Tracker'!$G$10:$G$209,'OT Tracker'!$B$10:$B$209,B86) -> 0 | K86: 0 | L86: =IFERROR(E86*Lists!$L$13*--(INDEX('Employee Master'!$S$10:$S$109,MATCH(B86,'Employee Master'!$A$10:$A$109,0))="Yes"),0) -> 0 | M86: =IFERROR(F86*Lists!$L$14*--(INDEX('Employee Master'!$T$10:$T$109,MATCH(B86,'Employee Master'!$A$10:$A$109,0))="Yes"),0) -> 0 | N86: =I86+K86+L86+M86 -> 0 | O86: =F86+J86-N86 -> 0
C87: =IFERROR(INDEX('Employee Master'!$B$10:$B$109,MATCH(B87,'Employee Master'!$A$10:$A$109,0)),"") | D87: =IFERROR(INDEX('Employee Master'!$H$10:$H$109,MATCH(B87,'Employee Master'!$A$10:$A$109,0)),"") | E87: =IFERROR(INDEX('Employee Master'!$Q$10:$Q$109,MATCH(B87,'Employee Master'!$A$10:$A$109,0)),0) -> 0 | F87: =IFERROR(INDEX('Employee Master'!$R$10:$R$109,MATCH(B87,'Employee Master'!$A$10:$A$109,0)),0) -> 0 | H87: 0 | I87: =IFERROR(F87/30*H87,0) -> 0 | J87: =SUMIFS('OT Tracker'!$G$10:$G$209,'OT Tracker'!$B$10:$B$209,B87) -> 0 | K87: 0 | L87: =IFERROR(E87*Lists!$L$13*--(INDEX('Employee Master'!$S$10:$S$109,MATCH(B87,'Employee Master'!$A$10:$A$109,0))="Yes"),0) -> 0 | M87: =IFERROR(F87*Lists!$L$14*--(INDEX('Employee Master'!$T$10:$T$109,MATCH(B87,'Employee Master'!$A$10:$A$109,0))="Yes"),0) -> 0 | N87: =I87+K87+L87+M87 -> 0 | O87: =F87+J87-N87 -> 0
C88: =IFERROR(INDEX('Employee Master'!$B$10:$B$109,MATCH(B88,'Employee Master'!$A$10:$A$109,0)),"") | D88: =IFERROR(INDEX('Employee Master'!$H$10:$H$109,MATCH(B88,'Employee Master'!$A$10:$A$109,0)),"") | E88: =IFERROR(INDEX('Employee Master'!$Q$10:$Q$109,MATCH(B88,'Employee Master'!$A$10:$A$109,0)),0) -> 0 | F88: =IFERROR(INDEX('Employee Master'!$R$10:$R$109,MATCH(B88,'Employee Master'!$A$10:$A$109,0)),0) -> 0 | H88: 0 | I88: =IFERROR(F88/30*H88,0) -> 0 | J88: =SUMIFS('OT Tracker'!$G$10:$G$209,'OT Tracker'!$B$10:$B$209,B88) -> 0 | K88: 0 | L88: =IFERROR(E88*Lists!$L$13*--(INDEX('Employee Master'!$S$10:$S$109,MATCH(B88,'Employee Master'!$A$10:$A$109,0))="Yes"),0) -> 0 | M88: =IFERROR(F88*Lists!$L$14*--(INDEX('Employee Master'!$T$10:$T$109,MATCH(B88,'Employee Master'!$A$10:$A$109,0))="Yes"),0) -> 0 | N88: =I88+K88+L88+M88 -> 0 | O88: =F88+J88-N88 -> 0
C89: =IFERROR(INDEX('Employee Master'!$B$10:$B$109,MATCH(B89,'Employee Master'!$A$10:$A$109,0)),"") | D89: =IFERROR(INDEX('Employee Master'!$H$10:$H$109,MATCH(B89,'Employee Master'!$A$10:$A$109,0)),"") | E89: =IFERROR(INDEX('Employee Master'!$Q$10:$Q$109,MATCH(B89,'Employee Master'!$A$10:$A$109,0)),0) -> 0 | F89: =IFERROR(INDEX('Employee Master'!$R$10:$R$109,MATCH(B89,'Employee Master'!$A$10:$A$109,0)),0) -> 0 | H89: 0 | I89: =IFERROR(F89/30*H89,0) -> 0 | J89: =SUMIFS('OT Tracker'!$G$10:$G$209,'OT Tracker'!$B$10:$B$209,B89) -> 0 | K89: 0 | L89: =IFERROR(E89*Lists!$L$13*--(INDEX('Employee Master'!$S$10:$S$109,MATCH(B89,'Employee Master'!$A$10:$A$109,0))="Yes"),0) -> 0 | M89: =IFERROR(F89*Lists!$L$14*--(INDEX('Employee Master'!$T$10:$T$109,MATCH(B89,'Employee Master'!$A$10:$A$109,0))="Yes"),0) -> 0 | N89: =I89+K89+L89+M89 -> 0 | O89: =F89+J89-N89 -> 0
C90: =IFERROR(INDEX('Employee Master'!$B$10:$B$109,MATCH(B90,'Employee Master'!$A$10:$A$109,0)),"") | D90: =IFERROR(INDEX('Employee Master'!$H$10:$H$109,MATCH(B90,'Employee Master'!$A$10:$A$109,0)),"") | E90: =IFERROR(INDEX('Employee Master'!$Q$10:$Q$109,MATCH(B90,'Employee Master'!$A$10:$A$109,0)),0) -> 0 | F90: =IFERROR(INDEX('Employee Master'!$R$10:$R$109,MATCH(B90,'Employee Master'!$A$10:$A$109,0)),0) -> 0 | H90: 0 | I90: =IFERROR(F90/30*H90,0) -> 0 | J90: =SUMIFS('OT Tracker'!$G$10:$G$209,'OT Tracker'!$B$10:$B$209,B90) -> 0 | K90: 0 | L90: =IFERROR(E90*Lists!$L$13*--(INDEX('Employee Master'!$S$10:$S$109,MATCH(B90,'Employee Master'!$A$10:$A$109,0))="Yes"),0) -> 0 | M90: =IFERROR(F90*Lists!$L$14*--(INDEX('Employee Master'!$T$10:$T$109,MATCH(B90,'Employee Master'!$A$10:$A$109,0))="Yes"),0) -> 0 | N90: =I90+K90+L90+M90 -> 0 | O90: =F90+J90-N90 -> 0
C91: =IFERROR(INDEX('Employee Master'!$B$10:$B$109,MATCH(B91,'Employee Master'!$A$10:$A$109,0)),"") | D91: =IFERROR(INDEX('Employee Master'!$H$10:$H$109,MATCH(B91,'Employee Master'!$A$10:$A$109,0)),"") | E91: =IFERROR(INDEX('Employee Master'!$Q$10:$Q$109,MATCH(B91,'Employee Master'!$A$10:$A$109,0)),0) -> 0 | F91: =IFERROR(INDEX('Employee Master'!$R$10:$R$109,MATCH(B91,'Employee Master'!$A$10:$A$109,0)),0) -> 0 | H91: 0 | I91: =IFERROR(F91/30*H91,0) -> 0 | J91: =SUMIFS('OT Tracker'!$G$10:$G$209,'OT Tracker'!$B$10:$B$209,B91) -> 0 | K91: 0 | L91: =IFERROR(E91*Lists!$L$13*--(INDEX('Employee Master'!$S$10:$S$109,MATCH(B91,'Employee Master'!$A$10:$A$109,0))="Yes"),0) -> 0 | M91: =IFERROR(F91*Lists!$L$14*--(INDEX('Employee Master'!$T$10:$T$109,MATCH(B91,'Employee Master'!$A$10:$A$109,0))="Yes"),0) -> 0 | N91: =I91+K91+L91+M91 -> 0 | O91: =F91+J91-N91 -> 0
C92: =IFERROR(INDEX('Employee Master'!$B$10:$B$109,MATCH(B92,'Employee Master'!$A$10:$A$109,0)),"") | D92: =IFERROR(INDEX('Employee Master'!$H$10:$H$109,MATCH(B92,'Employee Master'!$A$10:$A$109,0)),"") | E92: =IFERROR(INDEX('Employee Master'!$Q$10:$Q$109,MATCH(B92,'Employee Master'!$A$10:$A$109,0)),0) -> 0 | F92: =IFERROR(INDEX('Employee Master'!$R$10:$R$109,MATCH(B92,'Employee Master'!$A$10:$A$109,0)),0) -> 0 | H92: 0 | I92: =IFERROR(F92/30*H92,0) -> 0 | J92: =SUMIFS('OT Tracker'!$G$10:$G$209,'OT Tracker'!$B$10:$B$209,B92) -> 0 | K92: 0 | L92: =IFERROR(E92*Lists!$L$13*--(INDEX('Employee Master'!$S$10:$S$109,MATCH(B92,'Employee Master'!$A$10:$A$109,0))="Yes"),0) -> 0 | M92: =IFERROR(F92*Lists!$L$14*--(INDEX('Employee Master'!$T$10:$T$109,MATCH(B92,'Employee Master'!$A$10:$A$109,0))="Yes"),0) -> 0 | N92: =I92+K92+L92+M92 -> 0 | O92: =F92+J92-N92 -> 0
... C209: =IFERROR(INDEX('Employee Master'!$B$10:$B$109,MATCH(B209,'Employee Master'!$A$10:$A$109,0)),"") | D209: =IFERROR(INDEX('Employee Master'!$H$10:$H$109,MATCH(B209,'Employee Master'!$A$10:$A$109,0)),"") | E209: =IFERROR(INDEX('Employee Master'!$Q$10:$Q$109,MATCH(B209,'Employee Master'!$A$10:$A$109,0)),0) -> 0 | F209: =IFERROR(INDEX('Employee Master'!$R$10:$R$109,MATCH(B209,'Employee Master'!$A$10:$A$109,0)),0) -> 0 | H209: 0 | I209: =IFERROR(F209/30*H209,0) -> 0 | J209: =SUMIFS('OT Tracker'!$G$10:$G$209,'OT Tracker'!$B$10:$B$209,B209) -> 0 | K209: 0 | L209: =IFERROR(E209*Lists!$L$13*--(INDEX('Employee Master'!$S$10:$S$109,MATCH(B209,'Employee Master'!$A$10:$A$109,0))="Yes"),0) -> 0 | M209: =IFERROR(F209*Lists!$L$14*--(INDEX('Employee Master'!$T$10:$T$109,MATCH(B209,'Employee Master'!$A$10:$A$109,0))="Yes"),0) -> 0 | N209: =I209+K209+L209+M209 -> 0 | O209: =F209+J209-N209 -> 0

Sheet README
A1: HR OPERATIONS MASTER TOOLKIT 2.0
A2: A complete HR database, workforce analytics and compliance system - built in Excel
A3: HOME | B3: PEOPLE | C3: ATTEND. | D3: LEAVE | E3: PAYROLL | F3: DOCS | G3: COMPLY | H3: ANALYTICS | I3: MGMT
A5: Purpose | B5: A practical HR system for employee master data, attendance, leave, OT, payroll, documents, expiry alerts and dashboard reporting for a field-distributed, compliance-heavy workforce.
A7: How to use | B7: Start in Employee Master. Add or edit employees there first - every other sheet looks them up from it. Then log Attendance / Leave / OT / Documents / Expiry, and run Payroll for the month.
A9: Navigation | B9: Every sheet has a nav bar under the title (row 3) - click any tab name to jump straight there. HOME returns you to the HR Command Center.
A11: Sample data | B11: Employee Master, Attendance, Leave, OT, Documents, Expiry and Payroll are pre-loaded with 36 sample employees so every dashboard renders real charts out of the box. This is DEMO data - clear the coloured input columns (see below) and enter your real records before using this for actual payroll or compliance decisions.
A13: What to edit | B13: White/blue text on the data sheets = type over it freely. Formula cells (grey formula-style) recalculate automatically - do not overwrite them. Lists (hidden sheet, Home nav has no direct link - right-click any sheet tab > Unhide) holds every dropdown value and the shift-time / PF / ESI assumptions used across the workbook - edit them there once and every sheet updates.
A15: Architecture | B15: Data layer: Employee Master, Attendance, Leave Tracker, OT Tracker, Document Tracker, Expiry Tracker, Payroll. Presentation layer: HR Command Center, Management Dashboard, HR Ops Dashboard, Analytics & Reports, Compliance Center. Nothing on the presentation layer is hardcoded - every KPI and chart reads from the data layer.
A17: Important | B17: This is a template. Verify statutory rates (PF/ESI), payroll rules, company policy and local compliance requirements before relying on this for real payroll.
