Workbook

Sheet Dashboard
A1: MBA FRESHER — 6-MONTH HR CAREER LAUNCH PLANNER
A2: CAREER FOUNDATION · EXCEL + HR OPS · HR ANALYTICS · INTERVIEW + COMMUNICATION · PROJECTS + AI · JOB SEARCH | 01 Sep 2026 → 28 Feb 2027
A4: PROGRAM CONTEXT | D4: ROADMAP KPIs | F4: DAILY ACTIVITY KPIs
A5: 🎯 Career Target | B5: First HR Role — Recruitment / HR Ops / HR Analytics track | D5: Months Planned | E5: =COUNTA('6-Month Roadmap'!A2:A7) -> 6 | F5: Daily Entries | G5: =COUNTA('Daily Planner'!A2:A182) -> 181
A6: 📅 Program Start | B6: 46266 | D6: Completed Months | E6: =COUNTIF('6-Month Roadmap'!G2:G7,"Completed") -> 0 | F6: Completed Days | G6: =COUNTIF('Daily Planner'!H2:H182,"Completed") -> 0
A7: ⏱️ Daily Target | B7: 60 min/day (skill-building + practice + job search) | D7: Roadmap Progress | E7: =AVERAGE('6-Month Roadmap'!H2:H7) -> 0 | F7: Learning Minutes | G7: =SUM('Daily Planner'!G2:G182) -> 0
A9: 📈 VISUAL INSIGHTS
A45: 🔁 PROCESS STAGES — LEARNING METHODOLOGY (repeated every topic)
A47: 1 | B47: Learn | D47: Understand the concept
A48: 2 | B48: Practice | D48: Work with sample data
A49: 3 | B49: Apply | D49: Use it on HR use cases
A50: 4 | B50: Build | D50: Create a project / dashboard
A51: 5 | B51: Document | D51: Write the case study
A52: 6 | B52: Showcase | D52: Add to portfolio / LinkedIn
A54: 🎨 PHASE COLOUR LEGEND (used across every sheet)
A56: Phase 1 · Career Foundation | D56: Phase 2 · Excel + HR Operations | G56: Phase 3 · HR Analytics
A57: Phase 4 · Interview + Communication | D57: Phase 5 · Projects + AI | G57: Phase 6 · Job Search + Career Launch

Sheet 6-Month Roadmap
A1: Month | B1: Phase | C1: Focus Area | D1: Key Topics | E1: Project / Output | F1: Target Hours | G1: Status | H1: Progress % | I1: Notes
A2: Month 1 | B2: Phase 1 | C2: Career Foundation | D2: HR domain landscape (TA, HRBP, C&B, L&D, HR Ops, HR Analytics); career goal-setting; personal SWOT; resume structure; LinkedIn basics; sector research | E2: Resume v1 + LinkedIn Profile + 90-Day Career Plan | F2: 22 | G2: Not Started | H2: 0
A3: Month 2 | B3: Phase 2 | C3: Excel + HR Operations | D3: XLOOKUP/IF/SUMIFS, Pivot Tables & Charts, Power Query basics; onboarding-to-exit lifecycle; attendance & leave management; PF/ESI/PT basics; HRMS overview | E3: Employee Master Tracker + Attendance Dashboard + Onboarding Checklist | F3: 28 | G3: Not Started | H3: 0
A4: Month 3 | B4: Phase 3 | C4: HR Analytics | D4: HR KPIs (attrition, headcount, cost-per-hire, tenure); data cleaning; dashboard design; Power BI/Excel dashboarding; DAX & pivot basics | E4: HR Analytics Dashboard (Attrition & Headcount) | F4: 28 | G4: Not Started | H4: 0
A5: Month 4 | B5: Phase 4 | C5: Interview + Communication | D5: STAR method; common HR interview questions (recruitment, labour law, compensation); mock interviews & group discussions; professional email & policy writing; presentation skills | E5: STAR Story Bank + Mock Interview Log + Communication Portfolio | F5: 22 | G5: Not Started | H5: 0
A6: Month 5 | B6: Phase 5 | C6: Projects + AI | D6: AI prompting for HR (JD writing, policy drafts, screening criteria); HR process automation (Forms + Sheets); project documentation & case studies; portfolio assembly | E6: 2 HR Case Studies + AI-Assisted Workflow Demo + Portfolio Doc | F6: 26 | G6: Not Started | H6: 0
A7: Month 6 | B7: Phase 6 | C7: Job Search + Career Launch | D7: Job search strategy (Naukri/LinkedIn/referrals); networking & outreach; salary negotiation; offer evaluation; application tracking; final resume/portfolio polish | E7: Job Application Tracker + Final Portfolio + Offer Comparison Sheet | F7: 22 | G7: Not Started | H7: 0

Sheet Daily Planner
A1: Date | B1: Day | C1: Month / Phase | D1: Focus Area | E1: Planned Topic / Task | F1: Target (min) | G1: Actual (min) | H1: Status | I1: Learning / Output | J1: Notes
A2: 46266 | B2: Monday | C2: Month 1 | D2: Career Foundation | E2: HR domain research (TA/HRBP/C&B/L&D) | F2: 60 | H2: Planned
A3: 46267 | B3: Tuesday | C3: Month 1 | D3: Career Foundation | E3: Resume draft & refinement | F3: 60 | H3: Planned
A4: 46268 | B4: Wednesday | C4: Month 1 | D4: Career Foundation | E4: LinkedIn profile optimisation | F4: 60 | H4: Planned
A5: 46269 | B5: Thursday | C5: Month 1 | D5: Career Foundation | E5: Personal SWOT & goal setting | F5: 60 | H5: Planned
A6: 46270 | B6: Friday | C6: Month 1 | D6: Career Foundation | E6: Industry / sector research | F6: 60 | H6: Planned
A7: 46271 | B7: Saturday | C7: Month 1 | D7: Career Foundation | E7: 90-Day Career Plan – build | F7: 60 | H7: Planned
A8: 46272 | B8: Sunday | C8: Month 1 | D8: Career Foundation | E8: Weekly review + plan next week | F8: 30 | H8: Planned
A9: 46273 | B9: Monday | C9: Month 1 | D9: Career Foundation | E9: HR domain research (TA/HRBP/C&B/L&D) | F9: 60 | H9: Planned
A10: 46274 | B10: Tuesday | C10: Month 1 | D10: Career Foundation | E10: Resume draft & refinement | F10: 60 | H10: Planned
A11: 46275 | B11: Wednesday | C11: Month 1 | D11: Career Foundation | E11: LinkedIn profile optimisation | F11: 60 | H11: Planned
A12: 46276 | B12: Thursday | C12: Month 1 | D12: Career Foundation | E12: Personal SWOT & goal setting | F12: 60 | H12: Planned
A13: 46277 | B13: Friday | C13: Month 1 | D13: Career Foundation | E13: Industry / sector research | F13: 60 | H13: Planned
... A182: 46446 | B182: Saturday | C182: Month 6 | D182: Job Search + Career Launch | E182: Portfolio & resume final polish | F182: 60 | H182: Planned

Sheet Weekly Planner
A1: Week | B1: Week Start | C1: Primary Focus | D1: Mon | E1: Tue | F1: Wed | G1: Thu | H1: Fri | I1: Sat | J1: Sun | K1: Weekly Goal | L1: Outcome | M1: Completion %
A2: Week 1 | B2: 46266 | C2: Career Foundation | D2: Learn | E2: Practice | F2: Apply | G2: Build | H2: Review | I2: Project | J2: Plan | K2: Complete Career Foundation weekly target | M2: =IFERROR(COUNTIFS('Daily Planner'!$A$2:$A$182,">="&B2,'Daily Planner'!$A$2:$A$182,"<="&(B2+6),'Daily Planner'!$H$2:$H$182,"Completed")/COUNTIFS('Daily Planner'!$A$2:$A$182,">="&B2,'Daily Planner'!$A$2:$A$182,"<="&(B2+6)),0) -> 0
A3: Week 2 | B3: =B2+7 -> 46273 | C3: Career Foundation | D3: Learn | E3: Practice | F3: Apply | G3: Build | H3: Review | I3: Project | J3: Plan | K3: Complete Career Foundation weekly target | M3: =IFERROR(COUNTIFS('Daily Planner'!$A$2:$A$182,">="&B3,'Daily Planner'!$A$2:$A$182,"<="&(B3+6),'Daily Planner'!$H$2:$H$182,"Completed")/COUNTIFS('Daily Planner'!$A$2:$A$182,">="&B3,'Daily Planner'!$A$2:$A$182,"<="&(B3+6)),0) -> 0
A4: Week 3 | B4: =B3+7 -> 46280 | C4: Career Foundation | D4: Learn | E4: Practice | F4: Apply | G4: Build | H4: Review | I4: Project | J4: Plan | K4: Complete Career Foundation weekly target | M4: =IFERROR(COUNTIFS('Daily Planner'!$A$2:$A$182,">="&B4,'Daily Planner'!$A$2:$A$182,"<="&(B4+6),'Daily Planner'!$H$2:$H$182,"Completed")/COUNTIFS('Daily Planner'!$A$2:$A$182,">="&B4,'Daily Planner'!$A$2:$A$182,"<="&(B4+6)),0) -> 0
A5: Week 4 | B5: =B4+7 -> 46287 | C5: Career Foundation | D5: Learn | E5: Practice | F5: Apply | G5: Build | H5: Review | I5: Project | J5: Plan | K5: Complete Career Foundation weekly target | M5: =IFERROR(COUNTIFS('Daily Planner'!$A$2:$A$182,">="&B5,'Daily Planner'!$A$2:$A$182,"<="&(B5+6),'Daily Planner'!$H$2:$H$182,"Completed")/COUNTIFS('Daily Planner'!$A$2:$A$182,">="&B5,'Daily Planner'!$A$2:$A$182,"<="&(B5+6)),0) -> 0
A6: Week 5 | B6: =B5+7 -> 46294 | C6: Career Foundation | D6: Learn | E6: Practice | F6: Apply | G6: Build | H6: Review | I6: Project | J6: Plan | K6: Complete Career Foundation weekly target | M6: =IFERROR(COUNTIFS('Daily Planner'!$A$2:$A$182,">="&B6,'Daily Planner'!$A$2:$A$182,"<="&(B6+6),'Daily Planner'!$H$2:$H$182,"Completed")/COUNTIFS('Daily Planner'!$A$2:$A$182,">="&B6,'Daily Planner'!$A$2:$A$182,"<="&(B6+6)),0) -> 0
A7: Week 6 | B7: =B6+7 -> 46301 | C7: Excel + HR Operations | D7: Learn | E7: Practice | F7: Apply | G7: Build | H7: Review | I7: Project | J7: Plan | K7: Complete Excel + HR Operations weekly target | M7: =IFERROR(COUNTIFS('Daily Planner'!$A$2:$A$182,">="&B7,'Daily Planner'!$A$2:$A$182,"<="&(B7+6),'Daily Planner'!$H$2:$H$182,"Completed")/COUNTIFS('Daily Planner'!$A$2:$A$182,">="&B7,'Daily Planner'!$A$2:$A$182,"<="&(B7+6)),0) -> 0
A8: Week 7 | B8: =B7+7 -> 46308 | C8: Excel + HR Operations | D8: Learn | E8: Practice | F8: Apply | G8: Build | H8: Review | I8: Project | J8: Plan | K8: Complete Excel + HR Operations weekly target | M8: =IFERROR(COUNTIFS('Daily Planner'!$A$2:$A$182,">="&B8,'Daily Planner'!$A$2:$A$182,"<="&(B8+6),'Daily Planner'!$H$2:$H$182,"Completed")/COUNTIFS('Daily Planner'!$A$2:$A$182,">="&B8,'Daily Planner'!$A$2:$A$182,"<="&(B8+6)),0) -> 0
A9: Week 8 | B9: =B8+7 -> 46315 | C9: Excel + HR Operations | D9: Learn | E9: Practice | F9: Apply | G9: Build | H9: Review | I9: Project | J9: Plan | K9: Complete Excel + HR Operations weekly target | M9: =IFERROR(COUNTIFS('Daily Planner'!$A$2:$A$182,">="&B9,'Daily Planner'!$A$2:$A$182,"<="&(B9+6),'Daily Planner'!$H$2:$H$182,"Completed")/COUNTIFS('Daily Planner'!$A$2:$A$182,">="&B9,'Daily Planner'!$A$2:$A$182,"<="&(B9+6)),0) -> 0
A10: Week 9 | B10: =B9+7 -> 46322 | C10: Excel + HR Operations | D10: Learn | E10: Practice | F10: Apply | G10: Build | H10: Review | I10: Project | J10: Plan | K10: Complete Excel + HR Operations weekly target | M10: =IFERROR(COUNTIFS('Daily Planner'!$A$2:$A$182,">="&B10,'Daily Planner'!$A$2:$A$182,"<="&(B10+6),'Daily Planner'!$H$2:$H$182,"Completed")/COUNTIFS('Daily Planner'!$A$2:$A$182,">="&B10,'Daily Planner'!$A$2:$A$182,"<="&(B10+6)),0) -> 0
A11: Week 10 | B11: =B10+7 -> 46329 | C11: HR Analytics | D11: Learn | E11: Practice | F11: Apply | G11: Build | H11: Review | I11: Project | J11: Plan | K11: Complete HR Analytics weekly target | M11: =IFERROR(COUNTIFS('Daily Planner'!$A$2:$A$182,">="&B11,'Daily Planner'!$A$2:$A$182,"<="&(B11+6),'Daily Planner'!$H$2:$H$182,"Completed")/COUNTIFS('Daily Planner'!$A$2:$A$182,">="&B11,'Daily Planner'!$A$2:$A$182,"<="&(B11+6)),0) -> 0
A12: Week 11 | B12: =B11+7 -> 46336 | C12: HR Analytics | D12: Learn | E12: Practice | F12: Apply | G12: Build | H12: Review | I12: Project | J12: Plan | K12: Complete HR Analytics weekly target | M12: =IFERROR(COUNTIFS('Daily Planner'!$A$2:$A$182,">="&B12,'Daily Planner'!$A$2:$A$182,"<="&(B12+6),'Daily Planner'!$H$2:$H$182,"Completed")/COUNTIFS('Daily Planner'!$A$2:$A$182,">="&B12,'Daily Planner'!$A$2:$A$182,"<="&(B12+6)),0) -> 0
A13: Week 12 | B13: =B12+7 -> 46343 | C13: HR Analytics | D13: Learn | E13: Practice | F13: Apply | G13: Build | H13: Review | I13: Project | J13: Plan | K13: Complete HR Analytics weekly target | M13: =IFERROR(COUNTIFS('Daily Planner'!$A$2:$A$182,">="&B13,'Daily Planner'!$A$2:$A$182,"<="&(B13+6),'Daily Planner'!$H$2:$H$182,"Completed")/COUNTIFS('Daily Planner'!$A$2:$A$182,">="&B13,'Daily Planner'!$A$2:$A$182,"<="&(B13+6)),0) -> 0
A14: Week 13 | B14: =B13+7 -> 46350 | C14: HR Analytics | D14: Learn | E14: Practice | F14: Apply | G14: Build | H14: Review | I14: Project | J14: Plan | K14: Complete HR Analytics weekly target | M14: =IFERROR(COUNTIFS('Daily Planner'!$A$2:$A$182,">="&B14,'Daily Planner'!$A$2:$A$182,"<="&(B14+6),'Daily Planner'!$H$2:$H$182,"Completed")/COUNTIFS('Daily Planner'!$A$2:$A$182,">="&B14,'Daily Planner'!$A$2:$A$182,"<="&(B14+6)),0) -> 0
... A28: Week 27 | B28: =B27+7 -> 46448 | C28: Job Search + Career Launch | D28: Learn | E28: Practice | F28: Apply | G28: Build | H28: Review | I28: Project | J28: Plan | K28: Complete Job Search + Career Launch weekly target | M28: =IFERROR(COUNTIFS('Daily Planner'!$A$2:$A$182,">="&B28,'Daily Planner'!$A$2:$A$182,"<="&(B28+6),'Daily Planner'!$H$2:$H$182,"Completed")/COUNTIFS('Daily Planner'!$A$2:$A$182,">="&B28,'Daily Planner'!$A$2:$A$182,"<="&(B28+6)),0) -> 0

Sheet Chart Data
A1: Phase | B1: Months
A2: Phase 1 | B2: =COUNTIF('6-Month Roadmap'!B2:B7,"Phase 1") -> 1
A3: Phase 2 | B3: =COUNTIF('6-Month Roadmap'!B2:B7,"Phase 2") -> 1
A4: Phase 3 | B4: =COUNTIF('6-Month Roadmap'!B2:B7,"Phase 3") -> 1
A5: Phase 4 | B5: =COUNTIF('6-Month Roadmap'!B2:B7,"Phase 4") -> 1
A6: Phase 5 | B6: =COUNTIF('6-Month Roadmap'!B2:B7,"Phase 5") -> 1
A7: Phase 6 | B7: =COUNTIF('6-Month Roadmap'!B2:B7,"Phase 6") -> 1

Sheet Resources & Ideas
A1: Area | B1: What to Learn | C1: Practice Idea | D1: Project Evidence | E1: Recommended Frequency
A2: Career Foundation | B2: HR domains overview; career goal-setting frameworks | C2: Write your own career SWOT | D2: 90-Day Career Plan document | E2: 2 days/week
A3: Excel | B3: XLOOKUP, SUMIFS, Pivot Tables, Power Query | C3: Clean & analyse a sample HR dataset | D3: Employee Master Tracker | E3: 3 days/week
A4: HR Operations | B4: Onboarding-to-exit lifecycle; attendance/leave; PF/ESI/PT basics | C4: Build an onboarding checklist | D4: HR Operations SOP Pack | E4: 2 days/week
A5: HR Analytics | B5: HR KPIs; dashboard design; Power BI / Excel dashboards | C5: Build an attrition & headcount dashboard | D5: HR Analytics Dashboard | E5: 3 days/week
A6: Interview Prep | B6: STAR method; common HR interview questions; GD technique | C6: Record one mock interview weekly | D6: STAR Story Bank | E6: 2 days/week
A7: Communication | B7: Professional email etiquette; policy writing; presentations | C7: Rewrite a real HR email or policy | D7: Communication Portfolio | E7: 1 day/week
A8: Projects + AI | B8: AI prompting for HR tasks; process automation (Forms/Sheets) | C8: Automate one recurring HR task | D8: AI-Assisted Workflow Demo | E8: 3 days/week
A9: Job Search | B9: Job search strategy; networking; salary negotiation | C9: Apply to 5 roles/week + track outcomes | D9: Job Application Tracker | E9: Daily
